chu,pinyin,pinyin_go,thanh,han_viet,nghia,nghia_khac,bo_thu,nhieu,chu_de,cap,vi_du,vi_du_nghia,dong_nghia,trai_nghia,so_net,ngu_hanh,thang_goc,thang_bac,tan_suat
木,mù,mu,4,mộc,cây,gỗ|thân cây,,本|末|禾|米,rung,1,这是木头。,Đây là gỗ.,,,4,木,木,1,1
林,lín,lin,2,lâm,rừng,rừng cây,木|木,森|材|梦|禁,rung,1,树林很大。,Rừng cây rất lớn.,,,8,木,木,2,3
森,sēn,sen,1,sâm,rừng rậm,rừng già|rừng sâu,木|木|木,林|禁|梦|棘,rung,2,森林很黑。,Rừng rậm rất tối.,,,12,木,木,3,4
山,shān,shan,1,sơn,núi,ngọn núi,,出|岁|岛|峰,rung,1,山很高。,Núi rất cao.,,,3,土,,,1
水,shuǐ,shui,3,thủy,nước,,,永|冰|求|氷,rung,1,我喝水。,Tôi uống nước.,,火,4,水,水,1,1
火,huǒ,huo,3,hỏa,lửa,ngọn lửa,,灭|灰|炎|太,rung,1,火很热。,Lửa rất nóng.,,水,4,火,火,1,1
土,tǔ,tu,3,thổ,đất,đất đai,,士|干|王|工,rung,1,土是黑的。,Đất màu đen.,,,3,土,土,1,1
石,shí,shi,2,thạch,đá,hòn đá|tảng đá,,右|古|占|后,rung,1,这是石头。,Đây là hòn đá.,,,5,土,石,1,2
田,tián,tian,2,điền,ruộng,cánh đồng|đồng ruộng,,由|甲|申|电,rung,1,田很大。,Ruộng rất lớn.,,,5,土,,,2
花,huā,hua,1,hoa,hoa,bông hoa,艹|化,草|茶|苦|荷,rung,1,花很美。,Hoa rất đẹp.,,,,木,,,2
草,cǎo,cao,3,thảo,cỏ,bãi cỏ,艹|早,花|茶|苗|苦,rung,1,草是绿的。,Cỏ màu xanh.,,,,木,,,2
竹,zhú,zhu,2,trúc,tre,cây tre|trúc,,林|笑|第|竿,rung,2,竹子很高。,Cây tre rất cao.,,,,木,,,
日,rì,ri,4,nhật,mặt trời,ngày|mặt trời,,曰|白|目|旦,rung,1,日出很美。,Bình minh rất đẹp.,,,4,火,日,1,1
月,yuè,yue,4,nguyệt,mặt trăng,trăng|tháng,,肉|用|舟|朋,rung,1,月亮很圆。,Trăng rất tròn.,,,4,,,,1
明,míng,ming,2,minh,sáng,sáng sủa|tươi sáng|rõ ràng,日|月,朋|昨|胡|昌,rung,2,房间很明亮。,Căn phòng rất sáng sủa.,,,,火,,,2
星,xīng,xing,1,tinh,ngôi sao,sao,日|生,里|昌|早|春,rung,2,星光很美。,Ánh sao rất đẹp.,,,,火,,,
天,tiān,tian,1,thiên,trời,bầu trời|ngày,,夫|大|太|夭,rung,1,天很蓝。,Trời rất xanh.,,,4,,,,1
雨,yǔ,yu,3,vũ,mưa,cơn mưa,,雪|雷|电|需,rung,1,下雨了。,Mưa rồi.,,,8,水,,,2
光,guāng,guang,1,quang,ánh sáng,tia sáng,,先|当|尖|党,rung,2,阳光很强。,Ánh nắng rất mạnh.,,,,火,,,2
生,shēng,sheng,1,sinh,sinh ra,sống|sinh|nảy sinh,,牛|先|升|生,rung,2,生活很好。,Cuộc sống rất tốt.,,,,,,,
人,rén,ren,2,nhân,người,con người,,入|八|大|个,nguoi,1,他是好人。,Anh ấy là người tốt.,,,2,,人,1,1
女,nǚ,nv,3,nữ,nữ,phụ nữ|con gái,,安|好|如|妇,nguoi,1,她是女人。,Cô ấy là phụ nữ.,,男,,,,,1
子,zǐ,zi,3,tử,con,đứa con|con cái,,了|孔|字|孑,nguoi,1,这是我的孩子。,Đây là con tôi.,,,,,,,1
好,hǎo,hao,3,hảo,tốt,hay|tốt đẹp|giỏi,女|子,如|妇|她|奶,nguoi,1,你很好。,Bạn rất tốt.,,,,,,,1
男,nán,nan,2,nam,nam,đàn ông|con trai,田|力,界|畏|甲|勇,nguoi,1,他是男人。,Anh ấy là đàn ông.,,女,,,,,
大,dà,da,4,đại,to,lớn|to lớn,,太|天|犬|夫,nguoi,1,山很大。,Núi rất to.,,小,3,,,,1
小,xiǎo,xiao,3,tiểu,nhỏ,bé|nhỏ bé,,少|尔|水|木,nguoi,1,花很小。,Hoa rất nhỏ.,,大,3,,,,1
口,kǒu,kou,3,khẩu,miệng,mồm|cửa,,日|回|中|品,nguoi,1,门口有人。,Ở cửa có người.,,,3,,口,1,1
目,mù,mu,4,mục,mắt,con mắt,,日|且|自|见,nguoi,1,这道题目很难。,Câu hỏi này rất khó.,,,,,,,
手,shǒu,shou,3,thủ,tay,bàn tay,,毛|开|升|扌,nguoi,1,我的手很小。,Tay tôi rất nhỏ.,,,4,,,,1
心,xīn,xin,1,tâm,tim,trái tim|lòng|tâm,,必|忘|忙|思,nguoi,2,他的心很好。,Lòng anh ấy rất tốt.,,,4,,,,1
力,lì,li,4,lực,sức,sức lực|sức mạnh,,刀|办|万|加,nguoi,2,他很有力气。,Anh ấy rất khỏe.,,,2,,,,1
白,bái,bai,2,bạch,trắng,màu trắng,,日|百|自|的,mau,1,花是白的。,Hoa màu trắng.,,黑,,,,,
上,shàng,shang,4,thượng,trên,phía trên|lên,,下|止|土|卡,phuong,1,他在山上。,Anh ấy ở trên núi.,,下,3,,,,1
下,xià,xia,4,hạ,dưới,phía dưới|xuống,,上|卡|不|丁,phuong,1,水在下面。,Nước ở phía dưới.,,上,3,,,,1
中,zhōng,zhong,1,trung,giữa,ở giữa|trong,,口|申|串|电,phuong,1,我在中间。,Tôi ở giữa.,,,4,,,,1
牛,niú,niu,2,ngưu,con bò,bò|trâu,,午|生|失|半,thu,1,牛在田里。,Bò ở ngoài ruộng.,,,,,,,
羊,yáng,yang,2,dương,con dê,dê|cừu,,美|洋|半|王,thu,1,羊吃草。,Dê ăn cỏ.,,,,,,,
休,xiū,xiu,1,hưu,nghỉ,nghỉ ngơi,人|木,体|伙|们|保,nguoi,2,他在休息。,Anh ấy đang nghỉ.,,,,,,,
安,ān,an,1,an,yên,bình yên|an toàn,宀|女,字|完|宁|家,nguoi,2,这里很安静。,Ở đây rất yên tĩnh.,,,,,,,
家,jiā,jia,1,gia,nhà,gia đình|nhà,宀|豕,安|字|完|宁,nguoi,2,我的家很小。,Nhà tôi rất nhỏ.,房,,,,,,
早,zǎo,zao,3,tảo,sớm,buổi sáng|sớm,日|十,草|旱|昌|早,thoigian,2,他来得很早。,Anh ấy đến rất sớm.,,晚,,,,,
一,yī,yi,1,nhất,một,,,二|三|十|七,so,1,我有一个哥哥。,Tôi có một anh trai.,,,1,,,,1
二,èr,er,4,nhị,hai,,,一|三|十|工,so,1,二月很冷。,Tháng hai rất lạnh.,,,2,,,,1
三,sān,san,1,tam,ba,,,二|一|王|干,so,1,我有三本书。,Tôi có ba quyển sách.,,,3,,,,1
四,sì,si,4,tứ,bốn,,,匹|西|回|皿,so,1,四月下雨。,Tháng tư mưa.,,,5,,,,1
五,wǔ,wu,3,ngũ,năm,,,王|正|丑|互,so,1,我五岁了。,Tôi năm tuổi rồi.,,,4,,,,1
六,liù,liu,4,lục,sáu,,,大|穴|方|亢,so,1,六点上课。,Sáu giờ vào học.,,,4,,,,1
七,qī,qi,1,thất,bảy,,,匕|十|切|比,so,1,一星期有七天。,Một tuần có bảy ngày.,,,2,,,,1
八,bā,ba,1,bát,tám,,,人|入|六|儿,so,1,八月很热。,Tháng tám rất nóng.,,,2,,,,1
九,jiǔ,jiu,3,cửu,chín,,,丸|力|几|久,so,1,九点睡觉。,Chín giờ đi ngủ.,,,2,,,,1
十,shí,shi,2,thập,mười,,,一|干|土|士,so,1,我有十块钱。,Tôi có mười đồng.,,,2,,,,1
百,bǎi,bai,3,bách,trăm,một trăm,一|白,白|自|首|石,so,2,一百个人。,Một trăm người.,,,,,,,
千,qiān,qian,1,thiên,nghìn,một nghìn,,干|午|升|壬,so,2,一千块钱。,Một nghìn đồng.,,,,,,,
年,nián,nian,2,niên,năm,năm tháng,,牛|午|生|失,thoigian,1,今年很忙。,Năm nay rất bận.,,,6,,,,1
今,jīn,jin,1,kim,nay,hiện nay|bây giờ,,令|全|念|含,thoigian,2,今天很热。,Hôm nay rất nóng.,,,,,,,
夜,yè,ye,4,dạ,đêm,ban đêm,,液|亦|夕|多,thoigian,2,夜里很静。,Ban đêm rất yên tĩnh.,,,,,,,
晚,wǎn,wan,3,vãn,muộn,buổi tối|tối,日|免,睌|挽|勉|冕,thoigian,2,他回来很晚。,Anh ấy về rất muộn.,,早,,,,,
午,wǔ,wu,3,ngọ,trưa,buổi trưa,,牛|干|升|中,thoigian,2,中午吃饭。,Buổi trưa ăn cơm.,,,,,,,
时,shí,shi,2,thời,giờ,thời gian|lúc,日|寸,财|付|讨|对,thoigian,2,时间很快。,Thời gian rất nhanh.,,,,,,,1
分,fēn,fen,1,phân,phút,chia|phần,八|刀,今|介|公|兮,thoigian,2,五分钟到了。,Năm phút nữa là tới.,,,,,,,
周,zhōu,zhou,1,chu,tuần,tuần lễ,,用|同|冈|舟,thoigian,3,这周很忙。,Tuần này rất bận.,,,,,,,
红,hóng,hong,2,hồng,đỏ,màu đỏ,纟|工,虹|江|细|纪,mau,1,花是红的。,Hoa màu đỏ.,,,6,火,,,2
黑,hēi,hei,1,hắc,đen,màu đen,,墨|里|点|默,mau,1,夜里很黑。,Ban đêm rất tối.,,白,,,,,
绿,lǜ,lv,4,lục,xanh lá,màu xanh lá,纟|录,缘|录|绍|统,mau,1,山是绿的。,Núi màu xanh.,,,,,,,
蓝,lán,lan,2,lam,xanh dương,màu xanh nước biển,艹|监,篮|监|蕉|盐,mau,1,天是蓝的。,Trời màu xanh.,,,,,,,
黄,huáng,huang,2,hoàng,vàng,màu vàng,,横|广|莫|共,mau,2,树叶黄了。,Lá cây vàng rồi.,,,,土,,,
色,sè,se,4,sắc,màu,màu sắc,,包|危|免|角,mau,2,这个颜色很美。,Màu này rất đẹp.,,,,,,,
米,mǐ,mi,3,mễ,gạo,thóc|gạo,,木|禾|来|未,an,1,我吃米饭。,Tôi ăn cơm.,,,,木,,,2
饭,fàn,fan,4,phạn,cơm,bữa cơm,饣|反,饮|饱|板|返,an,1,他在吃饭。,Anh ấy đang ăn cơm.,,,,,,,
菜,cài,cai,4,thái,rau,món ăn|thức ăn,艹|采,采|彩|莱|茶,an,1,这个菜很好吃。,Món này rất ngon.,,,,木,,,
肉,ròu,rou,4,nhục,thịt,miếng thịt,,内|周|同|冈,an,1,我不吃肉。,Tôi không ăn thịt.,,,,,,,
鱼,yú,yu,2,ngư,cá,con cá,,渔|鲁|角|免,an,1,鱼在水里。,Cá ở trong nước.,,,,水,,,2
茶,chá,cha,2,trà,trà,chè,艹|余,荼|余|苦|苔,an,1,我喝茶。,Tôi uống trà.,,,,木,,,2
果,guǒ,guo,3,quả,quả,trái cây|hoa quả,,里|东|棵|裸,an,1,我爱吃水果。,Tôi thích ăn hoa quả.,,,,木,,,
吃,chī,chi,1,ngật,ăn,,口|乞,叱|吹|气|乞,an,1,他吃苹果。,Anh ấy ăn táo.,,,,,,,
喝,hē,he,1,hát,uống,,口|曷,渴|喉|唱|谒,an,1,他在喝茶。,Anh ấy đang uống trà.,,,,,,,
甜,tián,tian,2,điềm,ngọt,vị ngọt,舌|甘,甘|舌|括|恬,an,2,水果很甜。,Hoa quả rất ngọt.,,,,,,,
书,shū,shu,1,thư,sách,quyển sách,,专|东|车|丰,hoc,1,这是我的书。,Đây là sách của tôi.,,,,木,,,2
学,xué,xue,2,học,học,học tập,,字|觉|党|常,hoc,1,我在学中文。,Tôi đang học tiếng Trung.,,,,,,,
字,zì,zi,4,tự,chữ,chữ viết,宀|子,学|宇|守|安,hoc,1,这个字很难。,Chữ này rất khó.,,,,,,,
文,wén,wen,2,văn,văn,chữ viết|văn tự,,交|父|支|亡,hoc,2,中文很美。,Tiếng Trung rất đẹp.,,,,,,,
老,lǎo,lao,3,lão,già,cũ|lớn tuổi,,考|孝|者|耂,hoc,2,老师很好。,Thầy giáo rất tốt.,旧,,,,,,
师,shī,shi,1,sư,thầy,thầy giáo|sư phụ,,帅|归|叫|币,hoc,2,他是老师。,Anh ấy là thầy giáo.,,,,,,,
问,wèn,wen,4,vấn,hỏi,câu hỏi,门|口,间|闻|们|闪,hoc,2,我问老师。,Tôi hỏi thầy giáo.,,,,,,,
答,dá,da,2,đáp,trả lời,đáp lại,竹|合,合|塔|笛|荅,hoc,3,他答对了。,Anh ấy trả lời đúng.,,,,,,,
读,dú,du,2,độc,đọc,đọc sách,讠|卖,续|卖|谈|渎,hoc,2,我读书。,Tôi đọc sách.,,,,,,,
写,xiě,xie,3,tả,viết,viết chữ,,与|号|军|冠,hoc,2,他写字。,Anh ấy viết chữ.,,,,,,,
马,mǎ,ma,3,mã,ngựa,con ngựa,,鸟|与|冯|驾,thu,1,马跑得很快。,Ngựa chạy rất nhanh.,,,,,,,
鸟,niǎo,niao,3,điểu,chim,con chim,,乌|鸡|鸣|岛,thu,1,鸟在树上。,Chim ở trên cây.,,,,,,,
狗,gǒu,gou,3,cẩu,chó,con chó,犭|句,狼|狐|苟|驹,thu,1,狗很可爱。,Chó rất đáng yêu.,,,,,,,
猫,māo,mao,1,miêu,mèo,con mèo,犭|苗,猪|狐|描|苗,thu,1,猫在睡觉。,Mèo đang ngủ.,,,,,,,
虫,chóng,chong,2,trùng,sâu,côn trùng|sâu bọ,,虹|蚊|电|申,thu,2,草里有虫。,Trong cỏ có sâu.,,,,,,,
鸡,jī,ji,1,kê,gà,con gà,又|鸟,鸭|鹅|乌|双,thu,1,鸡在吃米。,Gà đang ăn gạo.,,,,,,,
虎,hǔ,hu,3,hổ,hổ,con hổ|cọp,,虚|号|虐|处,thu,2,山里有虎。,Trong núi có hổ.,,,,,,,
象,xiàng,xiang,4,tượng,voi,con voi,,像|豫|豕|豪,thu,2,象很大。,Voi rất to.,,,,,,,
左,zuǒ,zuo,3,tả,trái,bên trái,,右|在|友|存,phuong,1,他在我左边。,Anh ấy ở bên trái tôi.,,右,,,,,
右,yòu,you,4,hữu,phải,bên phải,,左|石|有|友,phuong,1,右边有门。,Bên phải có cửa.,,左,,,,,
前,qián,qian,2,tiền,trước,phía trước,,刖|荆|剪|歬,phuong,2,前面有山。,Phía trước có núi.,,后,,,,,
后,hòu,hou,4,hậu,sau,phía sau,,司|石|右|厚,phuong,2,他在后面。,Anh ấy ở phía sau.,,前,,,,,
里,lǐ,li,3,lý,trong,bên trong,,理|野|重|埋,phuong,1,他在家里。,Anh ấy ở trong nhà.,内,外,,,,,
外,wài,wai,4,ngoại,ngoài,bên ngoài,夕|卜,处|夘|多|列,phuong,2,他在外面。,Anh ấy ở bên ngoài.,,里|内,,,,,
看,kàn,kan,4,khán,nhìn,xem|coi,手|目,着|眉|睡|春,dongtu,1,我看书。,Tôi đọc sách.,,,,,,,
听,tīng,ting,1,thính,nghe,,口|斤,近|所|斩|昕,dongtu,1,我听音乐。,Tôi nghe nhạc.,,,,,,,
说,shuō,shuo,1,thuyết,nói,nói chuyện,讠|兑,话|设|税|悦,dongtu,1,他说中文。,Anh ấy nói tiếng Trung.,,,,,,,1
走,zǒu,zou,3,tẩu,đi,đi bộ|rời đi,,起|赶|徒|赴,dongtu,1,他走得很慢。,Anh ấy đi rất chậm.,去,,,,,,
跑,pǎo,pao,3,bào,chạy,chạy bộ,足|包,跳|抱|炮|泡,dongtu,1,孩子在跑。,Đứa trẻ đang chạy.,,,,,,,
来,lái,lai,2,lai,đến,tới,,未|末|米|束,dongtu,1,他来了。,Anh ấy đến rồi.,,去,,,,,1
去,qù,qu,4,khứ,đi,rời đi,,云|丢|法|吉,dongtu,1,我去学校。,Tôi đến trường.,走,来,,,,,1
买,mǎi,mai,3,mãi,mua,,,卖|头|实|亦,dongtu,2,我去买菜。,Tôi đi mua rau.,,,,,,,
爸,bà,ba,4,ba,bố,,,弟|奶|朋|妹,gia_dinh,2,爸爸在家。,Bố ở nhà.,,,,,,,
妈,mā,ma,1,ma,mẹ,,,朋|姐|爷|奶,gia_dinh,2,妈妈很忙。,Mẹ rất bận.,,,,,,,
哥,gē,ge,1,ca,anh trai,,,姐|爷|朋|友,gia_dinh,2,哥哥很高。,Anh trai rất cao.,,,,,,,
姐,jiě,jie,3,tỷ,chị gái,,,友|朋|爷|哥,gia_dinh,2,姐姐很漂亮。,Chị gái rất xinh đẹp.,,,,,,,
弟,dì,di,4,đệ,em trai,,,妹|哥|妈|朋,gia_dinh,2,弟弟在睡觉。,Em trai đang ngủ.,,,,,,,
妹,mèi,mei,4,muội,em gái,,,哥|奶|妈|朋,gia_dinh,2,妹妹很可爱。,Em gái rất đáng yêu.,,,,,,,
爷,yé,ye,2,gia,ông nội,,,妈|爸|姐|哥,gia_dinh,2,爷爷很和蔼。,Ông nội rất hiền từ.,,,,,,,
奶,nǎi,nai,3,nãi,bà nội,,,爷|弟|姐|朋,gia_dinh,2,奶奶做饭。,Bà nội nấu cơm.,,,,,,,
朋,péng,peng,2,bằng,bạn bè,,,爸|奶|友|妈,gia_dinh,2,朋友很多。,Có rất nhiều bạn bè.,,,,,,,
友,yǒu,you,3,hữu,bạn,,,朋|奶|哥|妈,gia_dinh,2,友谊很珍贵。,Tình bạn rất quý giá.,,,,,,,
眼,yǎn,yan,3,nhãn,mắt,,,耳|腿|脚|鼻,than_the,2,眼睛很大。,Đôi mắt rất to.,,,,,,,
耳,ěr,er,3,nhĩ,tai,,,牙|脚|鼻|身,than_the,2,耳朵很灵。,Đôi tai rất thính.,,,,,,,
鼻,bí,bi,2,tị,mũi,,,眼|腿|嘴|牙,than_the,2,鼻子很高。,Cái mũi rất cao.,,,,,,,
嘴,zuǐ,zui,3,chủy,miệng,,,眼|脚|脸|发,than_the,2,嘴巴很小。,Cái miệng rất nhỏ.,,,,,,,
脸,liǎn,lian,3,kiểm,khuôn mặt,,,身|鼻|眼|嘴,than_the,2,脸很红。,Khuôn mặt rất đỏ.,,,,,,,
牙,yá,ya,2,nha,răng,,,脸|身|腿|眼,than_the,2,牙很白。,Răng rất trắng.,,,,,,,
脚,jiǎo,jiao,3,cước,bàn chân,,,腿|耳|嘴|鼻,than_the,2,脚很痛。,Bàn chân rất đau.,,,,,,,
腿,tuǐ,tui,3,thối,chân (đùi),,,身|牙|鼻|眼,than_the,2,腿很长。,Chân rất dài.,,,,,,,
身,shēn,shen,1,thân,thân thể,,,脚|嘴|牙|耳,than_the,2,身体很好。,Cơ thể rất khỏe.,,,,,,,
发,fà,fa,4,phát,tóc,,,牙|耳|脚|腿,than_the,2,头发很长。,Tóc rất dài.,,,,,,,
你,nǐ,ni,3,nhĩ,bạn,,,休|小|人|好,nguoi,2,你是谁？,Bạn là ai?,,,,,,,1
我,wǒ,wo,3,ngã,tôi,,,心|口|子|小,nguoi,2,我是学生。,Tôi là học sinh.,,,,,,,1
他,tā,ta,1,tha,anh ấy,,,家|手|人|名,nguoi,2,他很高兴。,Anh ấy rất vui.,,,,,,,1
她,tā,ta,1,tha,cô ấy,,,子|男|休|好,nguoi,2,她很漂亮。,Cô ấy rất xinh đẹp.,,,,,,,
名,míng,ming,2,danh,tên,,,手|我|男|好,nguoi,2,你叫什么名字？,Bạn tên gì?,,,,,,,
王,wáng,wang,2,vương,vua,,,好|心|你|他,nguoi,2,他是国王。,Anh ấy là vua.,,,,,,,
民,mín,min,2,dân,người dân,,,小|他|力|安,nguoi,2,人民很勤劳。,Người dân rất chăm chỉ.,,,,,,,
高,gāo,gao,1,cao,cao,,,短|累|冷|新,tinh_tu,2,他很高。,Anh ấy rất cao.,,,,,,,
短,duǎn,duan,3,đoản,ngắn,,,远|快|旧|累,tinh_tu,2,头发很短。,Tóc rất ngắn.,,,,,,,
新,xīn,xin,1,tân,mới,,,贵|忙|近|高,tinh_tu,2,这是新的。,Cái này là mới.,,旧,,,,,
旧,jiù,jiu,4,cựu,cũ,,,瘦|多|高|少,tinh_tu,2,这是旧的。,Cái này là cũ.,老,新,,,,,
快,kuài,kuai,4,khoái,nhanh,,,旧|热|远|多,tinh_tu,2,跑得很快。,Chạy rất nhanh.,,慢,,,,,
慢,màn,man,4,mạn,chậm,,,冷|近|远|旧,tinh_tu,2,走得很慢。,Đi rất chậm.,,快,,,,,
多,duō,duo,1,đa,nhiều,,,冷|新|累|热,tinh_tu,2,很多人。,Rất nhiều người.,,少,,,,,1
少,shǎo,shao,3,thiểu,ít,,,贵|远|冷|热,tinh_tu,2,很少人。,Rất ít người.,,多,,,,,1
冷,lěng,leng,3,lãnh,lạnh,,,近|忙|多|新,tinh_tu,2,天气很冷。,Thời tiết rất lạnh.,,热,,水,,,2
热,rè,re,4,nhiệt,nóng,,,快|旧|贵|远,tinh_tu,2,天气很热。,Thời tiết rất nóng.,,冷,,火,,,2
远,yuǎn,yuan,3,viễn,xa,,,近|瘦|高|新,tinh_tu,2,学校很远。,Trường học rất xa.,,近,,,,,
近,jìn,jin,4,cận,gần,,,短|少|热|快,tinh_tu,2,家很近。,Nhà rất gần.,,远,,,,,
贵,guì,gui,4,quý,đắt tiền,,,高|胖|少|瘦,tinh_tu,2,这个很贵。,Cái này rất đắt.,,,,,,,
忙,máng,mang,2,mang,bận rộn,,,瘦|远|新|短,tinh_tu,2,我很忙。,Tôi rất bận.,,,,,,,
累,lèi,lei,4,luy,mệt,,,旧|贵|高|近,tinh_tu,2,我很累。,Tôi rất mệt.,,,,,,,
胖,pàng,pang,4,bàn,mập,,,新|累|远|快,tinh_tu,2,他很胖。,Anh ấy rất béo.,,瘦,,,,,
瘦,shòu,shou,4,sấu,gầy,,,冷|热|慢|累,tinh_tu,2,他很瘦。,Anh ấy rất gầy.,,胖,,,,,
风,fēng,feng,1,phong,gió,,,云|湖|雪|电,thien_nhien,1,风很大。,Gió rất to.,,,,,,,
云,yún,yun,2,vân,mây,,,风|湖|电|雪,thien_nhien,1,天上有云。,Trên trời có mây.,,,,水,,,
雪,xuě,xue,3,tuyết,tuyết,,,风|河|冰|湖,thien_nhien,1,下雪了。,Tuyết rơi rồi.,,,,水,,,
电,diàn,dian,4,điện,điện,,,河|冰|风|海,thien_nhien,1,没有电了。,Hết điện rồi.,,,,,,,
海,hǎi,hai,3,hải,biển,,,冰|风|电|河,thien_nhien,1,大海很蓝。,Biển cả rất xanh.,,,,水,,,
河,hé,he,2,hà,sông,,,海|风|雪|电,thien_nhien,1,河水很清。,Nước sông rất trong.,,,,水,,,
湖,hú,hu,2,hồ,hồ,,,海|雪|冰|电,thien_nhien,1,湖水很静。,Nước hồ rất tĩnh lặng.,,,,水,,,
冰,bīng,bing,1,băng,băng,,,雪|云|湖|风,thien_nhien,1,冰很凉。,Băng rất lạnh.,,,6,水,,,3
门,mén,men,2,môn,cửa,,,椅|桌|桥|车,do_vat,3,关上门。,Đóng cửa lại.,,,,木,,,2
窗,chuāng,chuang,1,song,cửa sổ,,,椅|门|车|桌,do_vat,3,打开窗户。,Mở cửa sổ ra.,,,,,,,
桌,zhuō,zhuo,1,trác,cái bàn,,,车|窗|房|椅,do_vat,3,桌子很大。,Cái bàn rất to.,,,,木,,,
椅,yǐ,yi,3,ỷ,cái ghế,,,房|床|路|门,do_vat,3,椅子很舒服。,Cái ghế rất thoải mái.,,,,木,,,
床,chuáng,chuang,2,sàng,giường,,,车|桌|灯|门,do_vat,3,床很软。,Cái giường rất mềm.,,,,木,,,
灯,dēng,deng,1,đăng,đèn,,,门|床|窗|路,do_vat,3,灯很亮。,Đèn rất sáng.,,,,火,,,
车,chē,che,1,xa,xe,,,桌|路|桥|灯,do_vat,3,车开得很快。,Xe chạy rất nhanh.,,,,金,,,2
路,lù,lu,4,lộ,con đường,,,椅|桌|灯|床,do_vat,3,路很长。,Con đường rất dài.,,,,,,,
桥,qiáo,qiao,2,kiều,cây cầu,,,床|路|车|窗,do_vat,3,桥很高。,Cây cầu rất cao.,,,,,,,
房,fáng,fang,2,phòng,nhà / phòng,,,路|桥|椅|窗,do_vat,3,房子很大。,Ngôi nhà rất to.,家,,,,,,
坐,zuò,zuo,4,tọa,ngồi,,,开|爱|说|笑,dongtu,3,坐下吧。,Ngồi xuống đi.,,,,,,,
开,kāi,kai,1,khai,mở,,,找|做|跑|放,dongtu,3,开门了。,Cửa đã mở.,,关,,,,,
关,guān,guan,1,quan,đóng,,,看|爱|哭|做,dongtu,3,关上灯。,Tắt đèn đi.,,开,,,,,
爱,ài,ai,4,ái,yêu,,,做|给|开|听,dongtu,3,我爱你。,Anh yêu em.,,,,,,,
想,xiǎng,xiang,3,tưởng,muốn / nhớ,,,给|坐|去|说,dongtu,3,我想你。,Tôi nhớ bạn.,,,,,,,
做,zuò,zuo,4,tố,làm,,,给|开|走|关,dongtu,3,做作业。,Làm bài tập.,,,,,,,
用,yòng,yong,4,dụng,dùng,,,关|看|走|哭,dongtu,3,用手机。,Dùng điện thoại.,,,,,,,
给,gěi,gei,3,cấp,cho,,,哭|来|想|去,dongtu,3,给我水。,Đưa nước cho tôi.,,,,,,,
找,zhǎo,zhao,3,trảo,tìm,,,爱|哭|走|放,dongtu,3,找不到了。,Không tìm thấy nữa.,,,,,,,
放,fàng,fang,4,phóng,đặt / thả,,,爱|坐|走|说,dongtu,3,放在桌子上。,Đặt lên trên bàn.,,,,,,,
笑,xiào,xiao,4,tiếu,cười,,,想|坐|关|走,dongtu,3,他在笑。,Anh ấy đang cười.,,哭,,,,,
哭,kū,ku,1,khốc,khóc,,,找|买|放|来,dongtu,3,她在哭。,Cô ấy đang khóc.,,笑,,,,,
蛋,dàn,dan,4,đản,trứng,,,汤|菜|饭|茶,an,2,一个鸡蛋。,Một quả trứng gà.,,,,,,,
糖,táng,tang,2,đường,kẹo / đường,,,茶|果|菜|汤,an,2,糖很甜。,Kẹo rất ngọt.,,,,,,,
盐,yán,yan,2,diêm,muối,,,鱼|苦|汤|米,an,2,加点盐。,Cho thêm chút muối.,,,,,,,
汤,tāng,tang,1,thang,canh,,,肉|饭|酸|盐,an,2,汤很热。,Canh rất nóng.,,,,水,,,
苦,kǔ,ku,3,khổ,đắng,,,菜|饭|酸|甜,an,2,药很苦。,Thuốc rất đắng.,,,,,,,
酸,suān,suan,1,toan,chua,,,蛋|果|汤|喝,an,2,醋很酸。,Giấm rất chua.,,,,,,,
辣,là,la,4,lạt,cay,,,米|果|蛋|苦,an,2,辣椒很辣。,Ớt rất cay.,,,,,,,
语,yǔ,yu,3,ngữ,ngôn ngữ,,,笔|师|课|书,hoc,3,汉语很难。,Tiếng Hán rất khó.,,,,,,,
词,cí,ci,2,từ,từ vựng,,,写|班|书|文,hoc,3,学一个词。,Học một từ mới.,,,,,,,
句,jù,ju,4,cú,câu,,,文|纸|读|写,hoc,3,说一句话。,Nói một câu.,,,,,,,
课,kè,ke,4,khóa,bài học,,,读|校|老|教,hoc,3,上课了。,Vào tiết học rồi.,,,,,,,
笔,bǐ,bi,3,bút,cây bút,,,课|写|老|纸,hoc,3,一支笔。,Một cây bút.,,,,木,,,
纸,zhǐ,zhi,3,chỉ,giấy,,,学|句|笔|校,hoc,3,一张纸。,Một tờ giấy.,,,,木,,,
校,xiào,xiao,4,hiệu,trường học,,,书|语|教|读,hoc,3,学校很大。,Trường học rất lớn.,,,,,,,
班,bān,ban,1,ban,lớp học,,,纸|课|问|师,hoc,3,我们一班。,Chúng ta cùng lớp.,,,,,,,
教,jiāo,jiao,1,giáo,dạy,,,纸|句|词|语,hoc,3,老师教书。,Thầy giáo dạy học.,,,,,,,
兔,tù,tu,4,thố,thỏ,,,虫|牛|蛇|马,thu,1,兔子很可爱。,Con thỏ rất đáng yêu.,,,,,,,
猪,zhū,zhu,1,trư,lợn,,,蛇|鹿|虫|马,thu,1,猪很胖。,Con lợn rất béo.,,,,,,,
鸭,yā,ya,1,áp,vịt,,,牛|鸡|兔|龙,thu,1,鸭子会游泳。,Vịt biết bơi.,,,,,,,
蛇,shé,she,2,xà,rắn,,,熊|狗|龙|鸭,thu,1,蛇没有脚。,Rắn không có chân.,,,,,,,
熊,xióng,xiong,2,hùng,gấu,,,马|鸭|虎|鸟,thu,1,熊很大。,Con gấu rất to.,,,,,,,
龙,lóng,long,2,long,rồng,,,虎|鸭|猫|鸟,thu,1,龙很威风。,Rồng rất oai phong.,,,,,,,
鹿,lù,lu,4,lộc,hươu,,,兔|牛|鸭|鸟,thu,1,鹿角很长。,Sừng hươu rất dài.,,,,,,,
半,bàn,ban,4,bán,nửa,,,零|两|个|百,so,1,半个小时。,Nửa tiếng đồng hồ.,,,,,,,
零,líng,ling,2,linh,số không,,,九|个|六|两,so,1,现在是零点。,Bây giờ là không giờ.,,,,,,,
两,liǎng,liang,3,lưỡng,hai (đôi),,,岁|个|八|一,so,1,两个人。,Hai người.,,,,,,,
个,gè,ge,4,cá,cái (lượng từ),,,六|四|八|七,so,1,一个苹果。,Một quả táo.,,,,,,,1
岁,suì,sui,4,tuế,tuổi,,,六|半|百|两,so,1,我十岁了。,Tôi mười tuổi rồi.,,,,,,,
东,dōng,dong,1,đông,phía đông,,,内|中|下|左,phuong,1,太阳从东边升起。,Mặt trời mọc từ phía đông.,,西,,,,,
西,xī,xi,1,tây,phía tây,,,后|前|左|上,phuong,1,太阳从西边落下。,Mặt trời lặn ở phía tây.,,东,,,,,
南,nán,nan,2,nam,phía nam,,,上|下|北|左,phuong,1,南方很热。,Phương nam rất nóng.,,北,,,,,
北,běi,bei,3,bắc,phía bắc,,,上|右|前|中,phuong,1,北方很冷。,Phương bắc rất lạnh.,,南,,,,,
内,nèi,nei,4,nội,bên trong,,,上|左|右|西,phuong,1,房间内很暖和。,Trong phòng rất ấm áp.,里,外,,,,,
春,chūn,chun,1,xuân,mùa xuân,,,夜|分|今|早,thoigian,2,春天很暖和。,Mùa xuân rất ấm áp.,,,,火,,,
夏,xià,xia,4,hạ,mùa hè,,,点|夜|春|周,thoigian,2,夏天很热。,Mùa hè rất nóng.,,冬,,火,,,
秋,qiū,qiu,1,thu,mùa thu,,,冬|时|点|春,thoigian,2,秋天很凉快。,Mùa thu rất mát mẻ.,,,,,,,
冬,dōng,dong,1,đông,mùa đông,,,年|夜|号|分,thoigian,2,冬天很冷。,Mùa đông rất lạnh.,,夏,,水,,,
点,diǎn,dian,3,điểm,giờ / chấm,,,周|夜|分|晚,thoigian,2,现在几点？,Bây giờ mấy giờ?,,,,,,,
号,hào,hao,4,hiệu,ngày / số,,,年|冬|夜|早,thoigian,2,今天几号？,Hôm nay ngày mấy?,,,,,,,
紫,zǐ,zi,3,tử,màu tím,,,绿|灰|红|黄,mau,2,紫色的花。,Bông hoa màu tím.,,,,,,,
灶,zào,zao,4,táo,bếp lò,lò bếp,火|土,灯|灾|炒,do_vat,2,妈妈在灶边做饭。,Mẹ đang nấu ăn cạnh bếp lò.,,,,,,,
泉,quán,quan,2,tuyền,suối,mạch nước,白|水,原|尿|永,thien_nhien,2,山上有一条清泉。,Trên núi có một dòng suối trong.,,,,,,,
渔,yú,yu,2,ngư,đánh cá,nghề chài,水|鱼,鱼|鲁|鲜,thien_nhien,2,渔民每天出海打渔。,Ngư dân ngày nào cũng ra khơi đánh cá.,,,,,,,
磊,lěi,lei,3,lỗi,đá chồng chất,ngay thẳng,石|石|石,众|晶|品|森,thien_nhien,2,地上堆着磊磊的石头。,Trên mặt đất chất đầy đá chồng chất.,,,15,土,石,3,4
冰山,bīngshān,bingshan,1,băng sơn,núi băng,băng trôi,冰|山,雪山|火山|高山,thien_nhien,2,海里漂着一座冰山。,Trên biển có một tảng băng trôi.,,,,,,,
毒草,dúcǎo,ducao,2,độc thảo,cỏ độc,cây có hại,毒|草,杂草|野草|香草,thien_nhien,2,沼泽里长着毒草。,Trong đầm lầy mọc đầy cỏ độc.,,,,,,,
魔,mó,mo,2,ma,yêu ma,phép thuật,,磨|摩|魂|魅,thu,3,传说里有恶魔。,Trong truyền thuyết có ác quỷ.,,,20,,,,3
灰,huī,hui,1,hôi,màu xám,,,黑|白|红|黄,mau,2,灰色的天空。,Bầu trời màu xám.,,,,,,,
万,wàn,wan,4,vạn,vạn (mười nghìn),,,方|力|历|七,so,2,一万个字。,Một vạn chữ.,,,,,,,
些,xiē,xie,1,ta,"vài, một ít",,此|二,此|皆|昔|措,so,1,一些水果。,Một ít trái cây.,,,,,,,
第,dì,di,4,đệ,thứ (số thứ tự),,竹|弟,弟|苐|茅|笫,so,2,第一名。,Hạng thứ nhất.,,,,,,,
次,cì,ci,4,thứ,lần,,二|欠,欠|吹|欢|资,so,2,第一次。,Lần đầu tiên.,,,,,,,
遍,biàn,bian,4,biến,lần (làm hết một lượt),,,扁|篇|骗|编,so,2,再读一遍。,Đọc lại một lần.,,,,,,,
双,shuāng,shuang,1,song,"đôi, cặp",,又|又,又|对|叉|欢,so,1,一双鞋。,Một đôi giày.,,,,,,,
对,duì,dui,4,đối,đúng; cặp,đôi với,,队|付|欢|难,so,1,一对鞋。,Một đôi giày.,,错,,,,,
只,zhī,zhi,1,chích,con (lượng từ động vật),,,只|口|另|叭,so,1,一只猫。,Một con mèo.,,,,,,,
条,tiáo,tiao,2,điều,"con, sợi (lượng từ)",,,各|修|除|涤,so,1,一条鱼。,Một con cá.,,,,,,,
张,zhāng,zhang,1,trương,tờ (lượng từ),,弓|长,长|弛|弦|引,so,1,一张纸。,Một tờ giấy.,,,,,,,
本,běn,ben,3,bản,quyển (lượng từ sách),gốc,木|一,木|术|末|体,so,1,一本书。,Một quyển sách.,,,,木,,,
杯,bēi,bei,1,bôi,"cốc, ly",,木|不,林|材|杆|杜,so,1,一杯水。,Một cốc nước.,,,,,,,
瓶,píng,ping,2,bình,"chai, lọ",,,瓦|拼|平|饼,so,1,一瓶水。,Một chai nước.,,,,,,,
碗,wǎn,wan,3,oản,"bát, tô",,石|宛,碎|碰|碑|石,so,1,一碗饭。,Một bát cơm.,,,,,,,
块,kuài,kuai,4,khối,miếng; đồng (tiền),,,快|决|块|央,so,1,一块钱。,Một đồng tiền.,,,,,,,
斤,jīn,jin,1,cân,cân (nửa kg),,,斥|近|听|欣,so,2,一斤苹果。,Nửa cân táo.,,,,,,,
亿,yì,yi,4,ức,trăm triệu,,,化|忆|乙|意,so,3,十亿人口。,Mười trăm triệu dân số.,,,,,,,
倍,bèi,bei,4,bội,lần (gấp),,,陪|培|部|倍,so,3,两倍大。,To gấp hai lần.,,,,,,,
单,dān,dan,1,đơn,"đơn, lẻ",,,弹|战|禅|战,so,3,单数。,Số lẻ.,,双,,,,,
整,zhěng,zheng,3,chỉnh,"tròn, chẵn (số)",,,正|敕|束|整,so,3,十点整。,Đúng mười giờ.,,,,,,,
共,gòng,gong,4,cộng,tổng cộng,,,供|洪|哄|巷,so,2,一共十个。,Tổng cộng mười cái.,,,,,,,
总,zǒng,zong,3,tổng,"tổng, chung",,,偬|忽|急|冲,so,2,总共多少钱？,Tổng cộng bao nhiêu tiền?,,,,,,,
计,jì,ji,4,kế,"tính, đếm",,讠|十,讨|订|计|认,so,3,计算数字。,Tính toán con số.,,,,,,,
数,shù,shu,4,số,"số, số lượng",,,娄|数|教|敌,so,2,数字很多。,Con số rất nhiều.,,,,,,,
量,liàng,liang,4,lượng,số lượng,,日|里,重|童|里|晕,so,2,数量很大。,Số lượng rất lớn.,,,,,,,
间,jiān,jian,1,gian,"khoảng giữa, phòng",,门|日,问|闻|们|间,phuong,1,房间很大。,Căn phòng rất lớn.,,,,,,,
旁,páng,pang,2,bàng,bên cạnh,,,房|傍|旅|旗,phuong,1,坐在旁边。,Ngồi bên cạnh.,,,,,,,
边,biān,bian,1,biên,"bên, cạnh",,,力|辺|辽|近,phuong,1,在这边。,Ở bên này.,,,,,,,
从,cóng,cong,2,tòng,từ (nơi nào đó),,,人|丛|外|北,phuong,2,从北京来。,Đến từ Bắc Kinh.,,,4,,人,2,4
到,dào,dao,4,đáo,đến (nơi nào đó),,,倒|列|至|致,phuong,1,到家了。,Về đến nhà rồi.,,,,,,,
向,xiàng,xiang,4,hướng,"hướng về, phía",,,问|同|尚|响,phuong,2,向前走。,Đi về phía trước.,,,,,,,
往,wǎng,wang,3,vãng,"đi về, hướng về",,,住|注|王|生,phuong,2,往南走。,Đi về phía nam.,,,,,,,
沿,yán,yan,2,duyên,dọc theo,,,铅|船|沿|谷,phuong,3,沿着河边走。,Đi dọc theo bờ sông.,,,,,,,
顶,dǐng,ding,3,đỉnh,"đỉnh, trên cùng",,页|丁,项|顺|顿|颈,phuong,2,山顶很冷。,Đỉnh núi rất lạnh.,,,,,,,
底,dǐ,di,3,để,"đáy, dưới cùng",,广|氐,低|抵|邸|底,phuong,2,在河底。,Ở đáy sông.,,,,,,,
角,jiǎo,jiao,3,giác,góc,,,用|甫|解|触,phuong,2,房间的角落。,Góc căn phòng.,,,,,,,
端,duān,duan,1,đoan,"đầu mút, đầu",,,瑞|喘|湍|颛,phuong,3,这一端。,Đầu này.,,,,,,,
处,chù,chu,4,xứ,"nơi, chốn",,,外|夕|各|折,phuong,3,好处很多。,Có nhiều chỗ lợi.,,,,,,,
境,jìng,jing,4,cảnh,"biên giới, cảnh vực",,土|竟,镜|竞|敬|竟,phuong,3,国境线。,Đường biên giới.,,,,,,,
域,yù,yu,4,vực,"khu vực, vùng",,土|或,感|惑|国|阈,phuong,3,这个区域。,Khu vực này.,,,,,,,
方,fāng,fang,1,phương,"phương hướng, vuông",,,万|放|房|芳,phuong,1,正方形。,Hình vuông.,,,,,,,
玩,wán,wan,2,ngoạn,chơi,,,玩|现|狂|环,dongtu,1,我们去玩。,Chúng ta đi chơi.,,,,,,,
睡,shuì,shui,4,thụy,ngủ,,目|垂,眼|睁|睛|盯,dongtu,1,我要睡觉了。,Tôi đi ngủ đây.,,,,,,,
起,qǐ,qi,3,khởi,"dậy, đứng lên",,走|己,赶|越|超|趣,dongtu,1,早上起床。,Buổi sáng thức dậy.,,,,,,,
穿,chuān,chuan,1,xuyên,mặc (quần áo),,,空|穷|窗|穴,dongtu,1,穿新衣服。,Mặc quần áo mới.,,,,,,,
脱,tuō,tuo,1,thoát,cởi (quần áo),,月|兑,说|悦|税|脸,dongtu,1,脱鞋子。,Cởi giày ra.,,,,,,,
卖,mài,mai,4,mại,bán,,,买|读|卖|读,dongtu,1,卖水果。,Bán trái cây.,,买,,,,,
送,sòng,song,4,tống,"tặng, đưa",,,关|运|远|近,dongtu,1,送礼物。,Tặng quà.,,,,,,,
拿,ná,na,2,nã,"cầm, lấy",,合|手,拾|拆|拥|拍,dongtu,1,拿着书。,Cầm quyển sách.,,,,,,,
带,dài,dai,4,đới,mang theo,,,常|带|市|布,dongtu,1,带伞出门。,Mang ô ra ngoài.,,,,,,,
留,liú,liu,2,lưu,"ở lại, giữ lại",,,田|溜|流|留,dongtu,1,留在家里。,Ở lại nhà.,,,,,,,
骑,qí,qi,2,kỵ,"cưỡi, đi xe (hai bánh)",,马|奇,骑|骄|骂|驾,dongtu,2,骑自行车。,Đi xe đạp.,,,,,,,
飞,fēi,fei,1,phi,bay,,,飞|风|习|飘,dongtu,2,鸟儿飞了。,Con chim bay đi.,,,,,,,
游,yóu,you,2,du,"bơi; đi chơi, dạo",,氵|㫃,海|河|湖|流,dongtu,2,去游泳。,Đi bơi.,,,,水,,,
跳,tiào,tiao,4,khiêu,nhảy,,足|兆,跑|跟|路|跌,dongtu,2,跳起来。,Nhảy lên.,,,,,,,
站,zhàn,zhan,4,trạm,đứng; trạm,,立|占,战|点|古|苦,dongtu,2,站起来。,Đứng dậy.,,,,,,,
叫,jiào,jiao,4,khiếu,"gọi, kêu",,口|丩,叶|号|另|叫,dongtu,2,妈妈叫我。,Mẹ gọi tôi.,,,,,,,
唱,chàng,chang,4,xướng,hát,,口|昌,喝|嘴|吃|喊,dongtu,2,唱一首歌。,Hát một bài.,,,,,,,
画,huà,hua,4,hoạ,vẽ,,,面|画|田|由,dongtu,2,画一只鸟。,Vẽ một con chim.,,,,,,,
记,jì,ji,4,ký,"nhớ, ghi",,讠|己,认|讨|计|记,dongtu,2,记住这个字。,Ghi nhớ chữ này.,,,,,,,
忘,wàng,wang,4,vong,quên,,亡|心,忙|忆|忘|念,dongtu,2,不要忘记。,Đừng quên.,,,,,,,
换,huàn,huan,4,hoán,đổi,,扌|奂,换|唤|涣|焕,dongtu,2,换衣服。,Thay quần áo.,,,,,,,
借,jiè,jie,4,tá,mượn,,亻|昔,错|措|惜|借,dongtu,2,借一本书。,Mượn một quyển sách.,,,,,,,
还,huán,huan,2,hoàn,trả lại,,,这|远|连|还,dongtu,2,还给你。,Trả lại cho bạn.,,,,,,,
修,xiū,xiu,1,tu,sửa chữa,,,修|条|攸|悠,dongtu,2,修理车子。,Sửa xe.,,,,,,,
建,jiàn,jian,4,kiến,xây dựng,,,健|键|建|延,dongtu,3,建一座桥。,Xây một cây cầu.,,,,,,,
锁,suǒ,suo,3,toả,khóa,,钅|贝,锁|销|锅|钱,dongtu,3,锁上门。,Khóa cửa lại.,,,,,,,
收,shōu,shou,1,thu,"thu, nhận",,,收|改|放|攻,dongtu,3,收到礼物。,Nhận được quà.,,,,,,,
存,cún,cun,2,tồn,"lưu, gửi",,,在|有|存|字,dongtu,3,存钱。,Gửi tiền tiết kiệm.,,,,,,,
胜,shèng,sheng,4,thắng,thắng,,,胜|生|胖|胎,dongtu,3,我们胜利了。,Chúng ta đã chiến thắng.,,败,,,,,
败,bài,bai,4,bại,thua,,贝|攵,贩|贴|败|贵,dongtu,3,这次败了。,Lần này thua rồi.,,胜,,,,,
加,jiā,jia,1,gia,"cộng, thêm vào",,力|口,加|架|如|办,dongtu,3,一加一。,Một cộng một.,,减,,,,,
减,jiǎn,jian,3,giảm,"trừ, giảm bớt",,,减|咸|感|城,dongtu,3,十减五。,Mười trừ năm.,,加,,,,,
乘,chéng,cheng,2,thừa,nhân (toán); đi (xe),,,乖|乘|北|乐,dongtu,3,三乘四。,Ba nhân bốn.,,,,,,,
除,chú,chu,2,trừ,chia (toán); trừ bỏ,,,队|阵|险|除,dongtu,3,十除以二。,Mười chia hai.,,,,,,,
等,děng,deng,3,đẳng,"chờ, đợi",,竹|寺,等|答|笑|第,dongtu,3,在这里等我。,Chờ tôi ở đây.,,,,,,,
追,zhuī,zhui,1,truy,đuổi theo,,,追|退|逃|运,dongtu,3,追上他。,Đuổi kịp anh ấy.,,,,,,,
逃,táo,tao,2,đào,trốn chạy,,,逃|跳|桃|挑,dongtu,3,逃走了。,Đã chạy trốn.,,,,,,,
藏,cáng,cang,2,tàng,"giấu, cất",,艹|臧,葬|截|减|臧,dongtu,3,藏起来。,Giấu đi.,,,,,,,
偷,tōu,tou,1,thâu,trộm cắp,,亻|俞,愉|偷|输|偏,dongtu,3,小偷偷钱。,Tên trộm lấy trộm tiền.,,,,,,,
夺,duó,duo,2,đoạt,"cướp, giành lấy",,大|寸,奋|夸|奇|奖,dongtu,3,夺走玩具。,Cướp mất đồ chơi.,,,,,,,
骂,mà,ma,4,mạ,"mắng, chửi",,口|马,骂|驾|驶|骑,dongtu,3,妈妈骂我。,Mẹ mắng tôi.,,,,,,,
劝,quàn,quan,4,khuyến,khuyên,,,劝|办|劳|劲,dongtu,3,劝他别走。,Khuyên anh ấy đừng đi.,,,,,,,
帮,bāng,bang,1,bang,giúp đỡ,,,帮|邦|帅|帝,dongtu,3,帮我一下。,Giúp tôi một chút.,,,,,,,
陪,péi,pei,2,bồi,"đi cùng, tháp tùng",,,陪|部|陈|陆,dongtu,3,陪我去。,Đi cùng tôi.,,,,,,,
聊,liáo,liao,2,liêu,"tán gẫu, chuyện phiếm",,,聊|耶|职|聪,dongtu,3,聊聊天。,Tán gẫu một chút.,,,,,,,
谈,tán,tan,2,đàm,"nói chuyện, bàn bạc",,讠|炎,谈|谁|请|谢,dongtu,3,谈一谈。,Bàn bạc một chút.,,,,,,,
讲,jiǎng,jiang,3,giảng,"giảng, kể",,讠|井,讲|讨|计|论,dongtu,3,讲故事。,Kể chuyện.,,,,,,,
练,liàn,lian,4,luyện,luyện tập,,,练|炼|恋|链,dongtu,3,练习汉字。,Luyện tập chữ Hán.,,,,,,,
考,kǎo,kao,3,khảo,"thi, kiểm tra",,,考|老|孝|拷,dongtu,3,考试很难。,Kỳ thi rất khó.,,,,,,,
查,chá,cha,2,tra,"tra cứu, kiểm tra",,木|且,查|茶|楂|渣,dongtu,3,查字典。,Tra từ điển.,,,,,,,
改,gǎi,gai,3,cải,sửa đổi,,己|攵,攻|收|放|政,dongtu,3,改一下。,Sửa một chút.,,,,,,,
交,jiāo,jiao,1,giao,"nộp, giao",,,交|文|亦|文,dongtu,3,交作业。,Nộp bài tập.,,,,,,,
寄,jì,ji,4,ký,"gửi (thư, đồ)",,宀|奇,寄|家|字|安,dongtu,3,寄信。,Gửi thư.,,,,,,,
取,qǔ,qu,3,thủ,lấy,,耳|又,取|职|联|聪,dongtu,3,取钱。,Lấy tiền.,,,,,,,
包,bāo,bao,1,bao,"bánh bao, gói",,,饱|抱|泡|跑,an,1,一个包子。,Một cái bánh bao.,,,,,,,
油,yóu,you,2,du,dầu ăn,,氵|由,油|由|抽|轴,an,1,锅里有油。,Trong nồi có dầu.,,,,,,,
咸,xián,xian,2,hàm,mặn,,,咸|感|减|盐,an,1,这个太咸了。,Cái này mặn quá.,,淡,,,,,
淡,dàn,dan,4,đạm,nhạt,,氵|炎,谈|淡|炎|谈,an,1,味道很淡。,Vị rất nhạt.,,咸,,,,,
豆,dòu,dou,4,đậu,đậu (hạt),,,豆|头|豆|痘,an,1,喝豆浆。,Uống sữa đậu nành.,,,,,,,
瓜,guā,gua,1,qua,dưa,,,瓜|爪|瓦|风,an,1,西瓜很甜。,Dưa hấu rất ngọt.,,,,,,,
糕,gāo,gao,1,cao,bánh ngọt,,米|羔,糖|糕|糟|米,an,1,生日蛋糕。,Bánh sinh nhật.,,,,,,,
饼,bǐng,bing,3,bính,bánh (dẹt),,饣|并,饭|饱|饼|饿,an,1,一块饼。,Một miếng bánh.,,,,,,,
渴,kě,ke,3,khát,khát nước,,氵|曷,喝|渴|渐|温,an,1,我很渴。,Tôi rất khát.,,,,,,,
饿,è,e,4,ngạ,đói,,饣|我,饭|饱|饼|饿,an,1,肚子饿了。,Bụng đói rồi.,,饱,,,,,
饱,bǎo,bao,3,bão,no,,饣|包,饿|饭|饼|饱,an,1,吃饱了。,Ăn no rồi.,,饿,,,,,
香,xiāng,xiang,1,hương,thơm,,,香|季|秀|委,an,1,饭很香。,Cơm rất thơm.,,臭,,,,,
醋,cù,cu,4,thố,giấm,,酉|昔,醋|酸|醉|醇,an,2,加一点醋。,Cho thêm chút giấm.,,,,,,,
酱,jiàng,jiang,4,tương,"tương, nước sốt",,,将|奖|浆|酱,an,2,辣椒酱。,Tương ớt.,,,,,,,
粥,zhōu,zhou,1,chúc,cháo,,,粥|弱|粒|米,an,2,喝白粥。,Ăn cháo trắng.,,,,,,,
鲜,xiān,xian,1,tiên,tươi,,鱼|羊,鲜|鲤|鲤|鱼,an,2,鱼很新鲜。,Cá rất tươi.,,,,,,,
葱,cōng,cong,1,thông,hành lá,,艹|囱,葱|忽|悤|聪,an,2,放一点葱。,Cho thêm chút hành.,,,,,,,
姜,jiāng,jiang,1,khương,gừng,,,姜|羌|善|美,an,2,姜和蒜。,Gừng và tỏi.,,,,,,,
蒜,suàn,suan,4,toán,tỏi,,,蒜|算|祘|示,an,2,大蒜很辣。,Tỏi rất cay.,,,,,,,
椒,jiāo,jiao,1,tiêu,"tiêu, ớt",,木|叔,椒|叔|椅|校,an,2,辣椒很辣。,Ớt rất cay.,,,,,,,
汁,zhī,zhi,1,trấp,"nước ép, nước sốt",,氵|十,汁|汗|江|汗,an,2,果汁很甜。,Nước ép rất ngọt.,,,,水,,,
皮,pí,pi,2,bì,"vỏ, da",,,皮|反|皱|波,an,2,苹果皮。,Vỏ táo.,,,5,,,,2
臭,chòu,chou,4,xú,"hôi, thối",,自|大,臭|息|自|臬,an,2,味道很臭。,Mùi rất hôi.,,香,,,,,
熟,shú,shu,2,thục,chín (đồ ăn); quen,,,熟|热|熊|熏,an,2,肉煮熟了。,Thịt đã nấu chín.,,,,,,,
凉,liáng,liang,2,lương,"mát, nguội",,氵|京,凉|京|凄|凑,an,2,凉水很舒服。,Nước mát rất dễ chịu.,,,,,,,
核,hé,he,2,hạch,"hạt, hột",,木|亥,核|该|孩|骸,an,3,桃核很硬。,Hạt đào rất cứng.,,,,,,,
籽,zǐ,zi,3,tử,hạt giống,,米|子,籽|籽|粒|种,an,3,西瓜籽。,Hạt dưa hấu.,,,,,,,
烫,tàng,tang,4,thảng,nóng bỏng,,,烫|汤|荡|烈,an,3,汤很烫。,Canh rất nóng.,,,,,,,
伞,sǎn,san,3,tản,"cái ô, cái dù",,,伞|命|全|拿,do_vat,1,下雨带伞。,Trời mưa mang ô.,,,,,,,
钱,qián,qian,2,tiền,tiền,,钅|戋,钱|线|钢|钟,do_vat,1,有多少钱？,Có bao nhiêu tiền?,,,,金,,,
药,yào,yao,4,dược,thuốc,,艹|约,药|乐|要|苏,do_vat,1,吃药了。,Đã uống thuốc.,,,9,木,,,3
刀,dāo,dao,1,đao,con dao,,,刀|力|刃|刁,do_vat,1,一把刀。,Một con dao.,,,2,金,,,2
针,zhēn,zhen,1,châm,cây kim,,钅|十,针|钉|钩|钥,do_vat,1,一根针。,Một cây kim.,,,,金,,,
线,xiàn,xian,4,tuyến,"sợi chỉ, đường dây",,纟|戋,线|钱|浅|残,do_vat,1,一根线。,Một sợi chỉ.,,,,,,,
镜,jìng,jing,4,kính,"gương, kính",,钅|竟,镜|境|竞|镇,do_vat,1,照镜子。,Soi gương.,,,,金,,,
表,biǎo,biao,3,biểu,đồng hồ đeo tay,,,表|衣|袋|裤,do_vat,1,一块手表。,Một cái đồng hồ.,,,,,,,
箱,xiāng,xiang,1,tương,"hòm, va li",,竹|相,箱|想|箱|篇,do_vat,1,一个箱子。,Một cái va li.,,,,,,,
袋,dài,dai,4,đại,"túi, bao",,代|衣,袋|带|裂|装,do_vat,1,一个袋子。,Một cái túi.,,,,,,,
盒,hé,he,2,hạp,hộp,,,盒|合|盆|盘,do_vat,1,一个盒子。,Một cái hộp.,,,,,,,
桶,tǒng,tong,3,đồng,"thùng, xô",,木|甬,桶|捅|通|桐,do_vat,1,一个水桶。,Một cái xô nước.,,,,,,,
盆,pén,pen,2,bồn,cái chậu,,分|皿,盆|盒|盘|盖,do_vat,1,洗脸盆。,Chậu rửa mặt.,,,,,,,
锅,guō,guo,1,oa,cái nồi,,钅|呙,锅|祸|锦|锈,do_vat,1,一口锅。,Một cái nồi.,,,,金,,,
勺,sháo,shao,2,thược,"cái muỗng, vá",,,勺|勾|句|匀,do_vat,2,一把勺子。,Một cái muỗng.,,,,,,,
叉,chā,cha,1,xoa,"cái nĩa, chĩa",,,叉|又|叉|支,do_vat,2,刀叉。,Dao và nĩa.,,,,,,,
筷,kuài,kuai,4,khoái,đũa,,竹|快,筷|筐|等|筒,do_vat,2,一双筷子。,Một đôi đũa.,,,,木,,,
巾,jīn,jin,1,cân,khăn,,,巾|币|中|布,do_vat,2,一条毛巾。,Một chiếc khăn.,,,,,,,
被,bèi,bei,4,bị,"chăn, mền",,,被|破|波|皮,do_vat,2,盖被子。,Đắp chăn.,,,,,,,
枕,zhěn,zhen,3,chẩm,cái gối,,木|尤,枕|沈|忱|枝,do_vat,2,一个枕头。,Một cái gối.,,,,,,,
毯,tǎn,tan,3,thảm,"tấm thảm, chăn",,,毯|毡|毛|毫,do_vat,2,地毯很软。,Thảm rất mềm.,,,,,,,
盘,pán,pan,2,bàn,"cái đĩa, mâm",,,盘|盆|盒|盖,do_vat,2,一个盘子。,Một cái đĩa.,,,,,,,
炉,lú,lu,2,lô,"cái lò, bếp",,火|户,炉|户|护|炒,do_vat,3,电炉子。,Lò điện.,,,,,,,
柜,guì,gui,4,quỹ,cái tủ,,木|巨,柜|拒|矩|框,do_vat,3,衣柜很大。,Tủ quần áo rất to.,,,,,,,
架,jià,jia,4,giá,"cái giá, kệ",,加|木,架|驾|嫁|价,do_vat,3,书架。,Kệ sách.,,,,,,,
阳,yáng,yang,2,dương,"ánh nắng, mặt trời",,,阳|阴|阵|防,thien_nhien,1,阳光很好。,Ánh nắng rất đẹp.,,阴,,火,,,
阴,yīn,yin,1,âm,"u ám, râm mát",,,阴|阳|阶|附,thien_nhien,1,天阴了。,Trời âm u rồi.,,阳,,,,,
雾,wù,wu,4,vụ,sương mù,,雨|务,雾|雪|露|雹,thien_nhien,1,雾很大。,Sương mù rất dày.,,,,,,,
虹,hóng,hong,2,hồng,cầu vồng,,虫|工,虹|虫|虽|蚂,thien_nhien,1,天上有彩虹。,Trên trời có cầu vồng.,,,,,,,
闪,shǎn,shan,3,thiểm,"chớp, lóe sáng",,门|人,闪|问|间|闹,thien_nhien,1,闪电了。,Có chớp rồi.,,,,,,,
晴,qíng,qing,2,tình,"trời quang, nắng ráo",,日|青,晴|睛|情|清,thien_nhien,1,今天很晴。,Hôm nay trời quang.,,,,火,,,
暖,nuǎn,nuan,3,noãn,ấm áp,,日|爰,暖|缓|援|暗,thien_nhien,1,天气很暖。,Thời tiết rất ấm.,,冷,,火,,,
干,gān,gan,1,can,khô,,,干|千|于|开,thien_nhien,1,天气很干。,Thời tiết khô.,,湿,,,,,
沙,shā,sha,1,sa,cát,,氵|少,沙|少|吵|沁,thien_nhien,1,沙子很热。,Cát rất nóng.,,,,土,,,
空,kōng,kong,1,không,"bầu trời, trống rỗng",,,空|穿|穹|窗,thien_nhien,1,天空很蓝。,Bầu trời rất xanh.,,,,,,,
气,qì,qi,4,khí,"không khí, khí",,,气|汽|乞|汽,thien_nhien,1,空气很新鲜。,Không khí rất trong lành.,,,,,,,
霜,shuāng,shuang,1,sương,sương giá,,雨|相,霜|雪|霉|霞,thien_nhien,2,下霜了。,Có sương giá rồi.,,,,,,,
露,lù,lu,4,lộ,"sương, lộ ra",,,露|路|雷|霜,thien_nhien,2,草上有露水。,Trên cỏ có sương.,,,,,,,
雷,léi,lei,2,lôi,sấm,,雨|田,雷|雪|雾|霜,thien_nhien,2,打雷了。,Có sấm rồi.,,,,,,,
温,wēn,wen,1,ôn,ấm,,氵|昷,温|湿|渴|港,thien_nhien,2,温度很高。,Nhiệt độ rất cao.,,,,,,,
潮,cháo,chao,2,triều,"ẩm ướt, thủy triều",,氵|朝,潮|朝|嘲|潜,thien_nhien,2,天气很潮。,Thời tiết rất ẩm.,,,,,,,
湿,shī,shi,1,thấp,ẩm ướt,,氵|显,湿|温|渴|漂,thien_nhien,2,衣服还湿。,Quần áo còn ẩm.,,干,,水,,,
波,bō,bo,1,ba,sóng,,氵|皮,波|坡|破|颇,thien_nhien,2,海面有波。,Mặt biển có sóng.,,,,,,,
浪,làng,lang,4,lãng,sóng lớn,,氵|良,浪|狼|朗|廊,thien_nhien,2,海浪很大。,Sóng biển rất lớn.,,,,,,,
岛,dǎo,dao,3,đảo,hòn đảo,,,岛|鸟|乌|岸,thien_nhien,2,一座海岛。,Một hòn đảo.,,,,,,,
谷,gǔ,gu,3,cốc,thung lũng,,,谷|欲|俗|裕,thien_nhien,2,山谷很深。,Thung lũng rất sâu.,,,,土,,,
岩,yán,yan,2,nham,"đá tảng, nham thạch",,山|石,岩|炭|磊|岸,thien_nhien,3,岩石很硬。,Đá tảng rất cứng.,,,,土,,,
泥,ní,ni,2,nê,"bùn, đất bùn",,氵|尼,泥|尼|呢|坭,thien_nhien,3,路上有泥。,Trên đường có bùn.,,,,,,,
洞,dòng,dong,4,động,hang động,,氵|同,洞|同|铜|桐,thien_nhien,3,一个山洞。,Một cái hang núi.,,,,,,,
峰,fēng,feng,1,phong,đỉnh núi,,山|夆,峰|锋|蜂|逢,thien_nhien,3,山峰很高。,Đỉnh núi rất cao.,,,,,,,
崖,yá,ya,2,nhai,vách đá,,山|厓,崖|涯|崔|岸,thien_nhien,3,悬崖很危险。,Vách đá rất nguy hiểm.,,,,,,,
坡,pō,po,1,pha,"dốc, sườn đồi",,土|皮,坡|波|破|披,thien_nhien,3,上坡很累。,Leo dốc rất mệt.,,,,土,,,
溪,xī,xi,1,khê,con suối,,氵|奚,溪|鸡|奚|谿,thien_nhien,3,小溪很清。,Con suối nhỏ rất trong.,,,,,,,
潭,tán,tan,2,đàm,"đầm, vực nước",,氵|覃,潭|谭|覃|坛,thien_nhien,3,深潭很静。,Vực nước sâu rất tĩnh lặng.,,,,,,,
狮,shī,shi,1,sư,sư tử,,犭|师,狮|狼|狐|猴,thu,1,狮子很凶。,Sư tử rất dữ.,,,,,,,
猴,hóu,hou,2,hầu,khỉ,,犭|侯,猴|猪|猫|猩,thu,1,猴子爬树。,Con khỉ leo cây.,,,,,,,
狼,láng,lang,2,lang,chó sói,,犭|良,狼|狮|狐|猎,thu,1,狼很危险。,Chó sói rất nguy hiểm.,,,,,,,
狐,hú,hu,2,hồ,cáo,,犭|瓜,狐|狮|独|孤,thu,1,狐狸很聪明。,Con cáo rất khôn.,,,,,,,
鼠,shǔ,shu,3,thử,chuột,,,鼠|鼻|鼎|鼓,thu,1,老鼠很小。,Con chuột rất nhỏ.,,,,,,,
鹅,é,e,2,nga,ngỗng,,我|鸟,鹅|鸡|鸭|鸟,thu,1,大白鹅。,Con ngỗng trắng to.,,,,,,,
鸽,gē,ge,1,cáp,bồ câu,,合|鸟,鸽|鸡|鸭|鹅,thu,1,一只鸽子。,Một con bồ câu.,,,,,,,
蛙,wā,wa,1,oa,ếch,,虫|圭,蛙|蛇|蛛|蜂,thu,1,青蛙会跳。,Ếch biết nhảy.,,,,,,,
鹰,yīng,ying,1,ưng,đại bàng,,,鹰|应|鹅|雁,thu,2,老鹰飞得高。,Đại bàng bay rất cao.,,,,,,,
雀,què,que,4,tước,chim sẻ,,小|隹,雀|雁|集|雅,thu,2,一只麻雀。,Một con chim sẻ.,,,,,,,
蝶,dié,die,2,điệp,bướm,,虫|枼,蝶|蜂|蝴|蜡,thu,2,蝴蝶很美。,Con bướm rất đẹp.,,,,,,,
蜂,fēng,feng,1,phong,ong,,虫|夆,蜂|蝶|蜘|蜗,thu,2,蜜蜂在采蜜。,Con ong đang lấy mật.,,,,,,,
蚁,yǐ,yi,3,nghĩ,kiến,,虫|义,蚁|蚂|虫|蛇,thu,2,蚂蚁很小。,Con kiến rất nhỏ.,,,,,,,
龟,guī,gui,1,quy,rùa,,,龟|电|色|免,thu,2,乌龟走得慢。,Con rùa đi rất chậm.,,,,,,,
虾,xiā,xia,1,hà,tôm,,虫|下,虾|蟹|蛙|虫,thu,2,大虾很好吃。,Con tôm rất ngon.,,,,,,,
蟹,xiè,xie,4,giải,cua,,,蟹|解|蟀|懈,thu,2,螃蟹有八条腿。,Con cua có tám cái chân.,,,,,,,
蛛,zhū,zhu,1,chu,nhện,,虫|朱,蛛|株|珠|殊,thu,3,蜘蛛结网。,Con nhện giăng tơ.,,,,,,,
蝇,yíng,ying,2,dăng,ruồi,,虫|黾,蝇|蝉|蝴|蜗,thu,3,苍蝇很烦。,Con ruồi rất phiền.,,,,,,,
蚊,wén,wen,2,văn,muỗi,,虫|文,蚊|蚂|蚁|蛇,thu,3,蚊子咬人。,Muỗi đốt người.,,,,,,,
豹,bào,bao,4,báo,con báo,,豸|勺,豹|猎|貌|豺,thu,3,豹跑得很快。,Báo chạy rất nhanh.,,,,,,,
鲨,shā,sha,1,sa,cá mập,,鱼|沙,鲨|鲸|鲤|鲜,thu,3,鲨鱼很凶。,Cá mập rất hung dữ.,,,,,,,
鲸,jīng,jing,1,kình,cá voi,,鱼|京,鲸|鲨|鲤|鲤,thu,3,鲸鱼很大。,Cá voi rất to.,,,,,,,
粉,fěn,fen,3,phấn,màu hồng phấn,,米|分,粉|米|粒|类,mau,1,粉色的花。,Bông hoa màu hồng.,,,,,,,
金,jīn,jin,1,kim,màu vàng kim,,,金|全|全|余,mau,1,金色的阳光。,Ánh nắng màu vàng kim.,,,8,金,金,1,1
银,yín,yin,2,ngân,màu bạc,,钅|艮,银|银|根|很,mau,1,银色的月亮。,Mặt trăng màu bạc.,,,,金,,,2
青,qīng,qing,1,thanh,xanh (lam/lục),,,青|清|情|晴,mau,1,青山绿水。,Núi xanh nước biếc.,,,,,,,
棕,zōng,zong,1,tông,màu nâu,,木|宗,棕|标|棵|棉,mau,2,棕色的头发。,Mái tóc màu nâu.,,,,,,,
彩,cǎi,cai,3,thải,"sặc sỡ, nhiều màu",,,彩|采|彰|彭,mau,2,这是彩色的。,Nhiều màu sắc.,,,,,,,
褐,hè,he,4,hạt,màu nâu sẫm,,衤|曷,褐|袍|裸|褪,mau,3,褐色的土地。,Đất màu nâu sẫm.,,,,,,,
橘,jú,ju,2,quất,màu cam (như quả quýt),,木|矞,橘|橙|柑|桔,mau,3,橘色的夕阳。,Hoàng hôn màu cam.,,,,,,,
乌,wū,wu,1,ô,đen tuyền,,,乌|鸟|鸣|鸦,mau,3,乌黑的头发。,Mái tóc đen tuyền.,黑,,,,,,
长,cháng,chang,2,trường,dài,,,长|张|长|术,tinh_tu,1,头发很长。,Tóc rất dài.,,短,4,,,,2
重,zhòng,zhong,4,trọng,nặng,,,重|里|童|里,tinh_tu,1,箱子很重。,Cái va li rất nặng.,,轻,,,,,
轻,qīng,qing,1,khinh,nhẹ,,车|坙,轻|经|径|茎,tinh_tu,1,书包很轻。,Cặp sách rất nhẹ.,,重,,,,,
美,měi,mei,3,mỹ,đẹp,,,美|羊|着|着,tinh_tu,1,风景很美。,Phong cảnh rất đẹp.,,丑,,,,,
丑,chǒu,chou,3,xú,xấu (hình thức),,,丑|且|且|旦,tinh_tu,1,这个很丑。,Cái này rất xấu.,,美,,,,,
坏,huài,huai,4,hoại,"hỏng, xấu (tính cách)",,土|不,坏|环|块|坂,tinh_tu,1,坏习惯。,Thói quen xấu.,,好,,,,,
难,nán,nan,2,nan,khó,,,难|叹|欢|艰,tinh_tu,1,这个很难。,Cái này rất khó.,,易,,,,,
易,yì,yi,4,dị,dễ,,,易|场|阳|汤,tinh_tu,1,这个很容易。,Cái này rất dễ.,,难,,,,,
幼,yòu,you,4,ấu,"nhỏ tuổi, non nớt",,幺|力,幼|幻|幽|幼,tinh_tu,1,年幼的孩子。,Đứa trẻ nhỏ tuổi.,,老,,,,,
宽,kuān,kuan,1,khoan,rộng,,,宽|宾|宫|宴,tinh_tu,2,马路很宽。,Con đường rất rộng.,,,,,,,
厚,hòu,hou,4,hậu,dày,,,厚|原|历|压,tinh_tu,2,衣服很厚。,Quần áo rất dày.,,薄,,,,,
薄,báo,bao,2,bạc,mỏng,,艹|溥,薄|簿|礴|博,tinh_tu,2,纸很薄。,Tờ giấy rất mỏng.,,厚,,,,,
硬,yìng,ying,4,ngạnh,cứng,,石|更,硬|碗|破|碎,tinh_tu,2,石头很硬。,Hòn đá rất cứng.,,软,,,,,
软,ruǎn,ruan,3,nhuyễn,mềm,,车|欠,软|欢|次|软,tinh_tu,2,床很软。,Cái giường rất mềm.,,硬,,,,,
静,jìng,jing,4,tĩnh,yên tĩnh,,青|争,静|净|睛|情,tinh_tu,2,教室很静。,Lớp học rất yên tĩnh.,,,,,,,
勤,qín,qin,2,cần,chăm chỉ,,,勤|劝|勒|动,tinh_tu,2,他很勤劳。,Anh ấy rất chăm chỉ.,,懒,,,,,
懒,lǎn,lan,3,lãn,lười biếng,,忄|赖,懒|赖|瀬|懈,tinh_tu,2,他很懒。,Anh ấy rất lười.,,勤,,,,,
乖,guāi,guai,1,quai,ngoan,,,乖|乘|北|乖,tinh_tu,2,孩子很乖。,Đứa trẻ rất ngoan.,,,,,,,
险,xiǎn,xian,3,hiểm,nguy hiểm,,,险|检|捡|脸,tinh_tu,2,这里很危险。,Ở đây rất nguy hiểm.,,,,,,,
全,quán,quan,2,toàn,"toàn bộ, an toàn",,,全|金|全|会,tinh_tu,2,安全第一。,An toàn là trên hết.,,,,,,,
深,shēn,shen,1,thâm,"sâu, đậm",,氵|深,深|探|探|沈,tinh_tu,3,河水很深。,Nước sông rất sâu.,,浅,,,,,
浅,qiǎn,qian,3,thiển,"nông, nhạt",,氵|戋,浅|钱|线|残,tinh_tu,3,水很浅。,Nước rất nông.,,深,,,,,
暗,àn,an,4,ám,tối,,日|音,暗|音|意|暗,tinh_tu,3,房间很暗。,Căn phòng rất tối.,,明,,,,,
矮,ǎi,ai,3,ải,thấp (người),,矢|委,矮|矬|短|矢,tinh_tu,3,他很矮。,Anh ấy rất thấp.,,高,,,,,
稀,xī,xi,1,hy,"hiếm, loãng",,禾|希,稀|希|布|布,tinh_tu,3,这很稀有。,Cái này rất hiếm có.,,浓,,,,,
密,mì,mi,4,mật,"dày đặc, kín",,,密|蜜|秘|蜂,tinh_tu,3,树林很密。,Rừng cây rất rậm rạp.,,稀,,,,,
浓,nóng,nong,2,nùng,đậm đặc,,氵|农,浓|农|浓|依,tinh_tu,3,茶很浓。,Trà rất đậm.,,稀,,,,,
粗,cū,cu,1,thô,"thô, to",,米|且,粗|租|组|阻,tinh_tu,3,绳子很粗。,Sợi dây rất to.,,细,,,,,
细,xì,xi,4,tế,"mảnh, tỉ mỉ",,纟|田,细|细|组|绍,tinh_tu,3,线很细。,Sợi chỉ rất mảnh.,,粗,,,,,
急,jí,ji,2,cấp,"gấp, vội",,,急|忽|怒|忽,tinh_tu,3,别着急。,Đừng vội.,,缓,,,,,
缓,huǎn,huan,3,hoãn,"chậm rãi, hoãn lại",,纟|爰,缓|暖|援|媛,tinh_tu,3,慢慢缓一缓。,Từ từ hoãn lại một chút.,,急,,,,,
稳,wěn,wen,3,ổn,"ổn định, vững",,禾|急,稳|急|愁|穗,tinh_tu,3,坐稳了。,Ngồi vững rồi.,,乱,,,,,
乱,luàn,luan,4,loạn,lộn xộn,,,乱|舌|辞|乳,tinh_tu,3,房间很乱。,Căn phòng rất lộn xộn.,,稳,,,,,
清,qīng,qing,1,thanh,"trong, rõ ràng",,氵|青,清|情|请|晴,tinh_tu,3,水很清。,Nước rất trong.,,糊,,,,,
糊,hú,hu,2,hồ,"mơ hồ, lẫn lộn",,米|胡,糊|湖|蝴|葫,tinh_tu,3,说得很糊涂。,Nói rất mơ hồ.,,清,,,,,
叶,yè,ye,4,diệp,lá cây,,,叶|叫|吐|吓,rung,1,树叶黄了。,Lá cây đã vàng.,,,,木,,,
根,gēn,gen,1,căn,rễ cây,,木|艮,根|跟|恨|很,rung,1,树根很深。,Rễ cây rất sâu.,,,,木,,,
枝,zhī,zhi,1,chi,cành cây,,木|支,枝|技|枯|支,rung,1,树枝断了。,Cành cây gãy rồi.,,,,木,,,
松,sōng,song,1,tùng,cây thông,,木|公,松|棵|林|杉,rung,1,一棵松树。,Một cây thông.,,,,,,,
柳,liǔ,liu,3,liễu,cây liễu,,木|卯,柳|柏|棵|桃,rung,1,柳树在河边。,Cây liễu ở bên sông.,,,,,,,
桃,táo,tao,2,đào,"cây đào, quả đào",,木|兆,桃|挑|逃|跳,rung,1,桃花开了。,Hoa đào đã nở.,,,,木,,,
梅,méi,mei,2,mai,"cây mai, hoa mai",,木|每,梅|海|每|悔,rung,1,梅花很香。,Hoa mai rất thơm.,,,,,,,
菊,jú,ju,2,cúc,hoa cúc,,艹|匊,菊|莉|蓝|莲,rung,1,秋天的菊花。,Hoa cúc mùa thu.,,,,,,,
兰,lán,lan,2,lan,hoa lan,,,兰|蓝|栏|拦,rung,1,兰花很美。,Hoa lan rất đẹp.,,,,,,,
苗,miáo,miao,2,miêu,"mầm cây, cây non",,艹|田,苗|田|苔|草,rung,1,树苗长大了。,Cây non đã lớn.,,,,,,,
荷,hé,he,2,hà,hoa sen,,艹|何,荷|河|何|荷,rung,2,荷花很美。,Hoa sen rất đẹp.,莲,,,,,,
莲,lián,lian,2,liên,hoa sen,,艹|连,莲|连|链|恋,rung,2,莲花开了。,Hoa sen đã nở.,荷,,,,,,
藤,téng,teng,2,đằng,dây leo,,艹|滕,藤|腾|藤|籘,rung,2,藤蔓爬满墙。,Dây leo bò đầy tường.,,,,,,,
麦,mài,mai,4,mạch,lúa mì,,,麦|表|麸|麻,rung,2,小麦成熟了。,Lúa mì đã chín.,,,,,,,
稻,dào,dao,4,đạo,lúa,,禾|舀,稻|稿|稀|程,rung,2,稻田很大。,Ruộng lúa rất rộng.,,,,,,,
园,yuán,yuan,2,viên,vườn,,囗|元,园|回|国|团,rung,2,花园很漂亮。,Khu vườn rất đẹp.,,,,,,,
岭,lǐng,ling,3,lĩnh,"dãy núi, đèo",,山|领,岭|领|岗|峰,rung,2,翻过山岭。,Vượt qua dãy núi.,,,,,,,
坪,píng,ping,2,bình,"bãi cỏ, sân",,土|平,坪|平|评|坡,rung,3,草坪很绿。,Bãi cỏ rất xanh.,,,,,,,
峡,xiá,xia,2,giáp,"hẻm núi, eo biển",,山|夹,峡|狭|侠|挟,rung,3,山峡很窄。,Hẻm núi rất hẹp.,,,,,,,
壁,bì,bi,4,bích,"vách đá, tường",,土|辟,壁|璧|避|辟,rung,3,峭壁很高。,Vách đá rất cao.,,,,,,,
瀑,pù,pu,4,bộc,thác nước,,氵|暴,瀑|暴|爆|曝,rung,3,瀑布很壮观。,Thác nước rất hùng vĩ.,,,,,,,
沼,zhǎo,zhao,3,chiểu,đầm lầy,,氵|召,沼|招|昭|沿,rung,3,沼泽很危险。,Đầm lầy rất nguy hiểm.,泽,,,,,,
泽,zé,ze,2,trạch,"đầm, ao",,氵|睪,泽|译|择|驿,rung,3,水泽之地。,Vùng đất đầm ao.,沼,,,,,,
苔,tái,tai,2,đài,rêu,,艹|台,苔|抬|胎|台,rung,3,石头长苔。,Hòn đá mọc rêu.,,,,,,,
棘,jí,ji,2,cức,"gai, bụi gai",,,棘|束|刺|辣,rung,3,荆棘很多。,Có rất nhiều gai.,,,,,,,
父,fù,fu,4,phụ,"cha, bố (trang trọng)",,,父|爸|交|又,gia_dinh,1,父亲很忙。,Cha rất bận.,,,,,,,
母,mǔ,mu,3,mẫu,mẹ (trang trọng),,,母|每|毋|海,gia_dinh,1,母亲很爱我。,Mẹ rất yêu tôi.,,,,,,,
儿,ér,er,2,nhi,"con trai, trẻ con",,,儿|几|九|川,gia_dinh,1,儿子很聪明。,Con trai rất thông minh.,,,,,,,
夫,fū,fu,1,phu,chồng,,,夫|天|太|失,gia_dinh,1,丈夫在工作。,Chồng đang làm việc.,,,,,,,
妻,qī,qi,1,thê,vợ,,女|中,妻|妾|妥|要,gia_dinh,1,妻子很温柔。,Vợ rất dịu dàng.,,,,,,,
姓,xìng,xing,4,tính,họ (tên họ),,女|生,姓|性|生|妹,gia_dinh,1,你姓什么？,Bạn họ gì?,,,,,,,
孙,sūn,sun,1,tôn,cháu,,子|小,孙|孩|孤|孔,gia_dinh,2,孙子很可爱。,Cháu trai rất đáng yêu.,,,,,,,
叔,shū,shu,1,thúc,chú (em trai của bố),,,叔|权|叔|督,gia_dinh,2,叔叔来了。,Chú đến rồi.,,,,,,,
伯,bó,bo,2,bá,bác (anh trai của bố),,亻|白,伯|柏|泊|拍,gia_dinh,2,伯父很高。,Bác rất cao.,,,,,,,
姑,gū,gu,1,cô,cô (em gái của bố),,女|古,姑|故|苦|枯,gia_dinh,2,姑姑很漂亮。,Cô rất xinh đẹp.,,,,,,,
舅,jiù,jiu,4,cữu,cậu (anh em trai của mẹ),,臼|男,舅|舆|旧|白,gia_dinh,2,舅舅送我礼物。,Cậu tặng tôi quà.,,,,,,,
姨,yí,yi,2,di,dì (chị em gái của mẹ),,女|夷,姨|姐|姓|姓,gia_dinh,2,阿姨很和气。,Dì rất hiền hòa.,,,,,,,
婚,hūn,hun,1,hôn,kết hôn,,女|昏,婚|昏|婆|媳,gia_dinh,3,他们结婚了。,Họ đã kết hôn.,,,,,,,
辈,bèi,bei,4,bối,"thế hệ, vai vế",,,辈|背|辉|畫,gia_dinh,3,长辈很重要。,Bậc trưởng bối rất quan trọng.,,,,,,,
族,zú,zu,2,tộc,"dòng họ, tộc",,,族|旅|施|旗,gia_dinh,3,家族很大。,Gia tộc rất lớn.,,,,,,,
戚,qī,qi,1,thích,họ hàng,,,戚|戏|成|戒,gia_dinh,3,亲戚来了。,Họ hàng đến rồi.,,,,,,,
亲,qīn,qin,1,thân,"thân thiết, ruột thịt",,,亲|新|杂|辛,gia_dinh,3,亲人团聚。,Người thân sum họp.,,,,,,,
头,tóu,tou,2,đầu,đầu,,,头|买|头|大,than_the,1,我的头很疼。,Đầu tôi rất đau.,,,5,,,,2
背,bèi,bei,4,bối,lưng,,,背|北|部|皆,than_the,1,背很痛。,Lưng rất đau.,,,,,,,
腰,yāo,yao,1,yêu,"eo, thắt lưng",,月|要,腰|要|腿|腹,than_the,1,腰很细。,Eo rất thon.,,,,,,,
胸,xiōng,xiong,1,hung,ngực,,月|匈,胸|凶|胖|脑,than_the,1,胸很宽。,Ngực rất rộng.,,,,,,,
肚,dù,du,4,đỗ,bụng,,月|土,肚|肠|胖|肉,than_the,1,肚子饿了。,Bụng đói rồi.,,,,,,,
肩,jiān,jian,1,kiên,vai,,,肩|户|房|肚,than_the,1,肩膀很宽。,Vai rất rộng.,,,,,,,
指,zhǐ,zhi,3,chỉ,ngón tay,,扌|旨,指|脂|旨|措,than_the,1,手指很长。,Ngón tay rất dài.,,,,,,,
骨,gǔ,gu,3,cốt,xương,,,骨|滑|骼|骷,than_the,1,骨头很硬。,Xương rất cứng.,,,,,,,
血,xuè,xue,4,huyết,máu,,,血|皿|盆|盒,than_the,1,流血了。,Đã chảy máu.,,,,,,,
舌,shé,she,2,thiệt,lưỡi,,,舌|活|括|话,than_the,1,舌头很红。,Cái lưỡi rất đỏ.,,,,,,,
臂,bì,bi,4,tý,cánh tay,,辟|月,臂|壁|璧|避,than_the,2,手臂很有力。,Cánh tay rất khỏe.,,,,,,,
掌,zhǎng,zhang,3,chưởng,lòng bàn tay,,,掌|常|党|堂,than_the,2,手掌很大。,Lòng bàn tay rất to.,,,,,,,
拳,quán,quan,2,quyền,nắm đấm,,,拳|卷|拳|券,than_the,2,握紧拳头。,Nắm chặt nắm đấm.,,,,,,,
膝,xī,xi,1,tất,đầu gối,,月|漆,膝|漆|膀|腰,than_the,2,膝盖很痛。,Đầu gối rất đau.,,,,,,,
颈,jǐng,jing,3,cảnh,cổ,,,颈|经|径|劲,than_the,2,脖颈很长。,Cổ rất dài.,,,,,,,
喉,hóu,hou,2,hầu,họng,,口|侯,喉|猴|候|喊,than_the,2,喉咙很痛。,Cổ họng rất đau.,,,,,,,
唇,chún,chun,2,thần,môi,,辰|口,唇|辰|晨|振,than_the,2,嘴唇很红。,Đôi môi rất đỏ.,,,,,,,
额,é,e,2,ngạch,trán,,,额|客|颜|颗,than_the,2,额头很宽。,Trán rất rộng.,,,,,,,
眉,méi,mei,2,mi,lông mày,,,眉|眼|看|盾,than_the,2,眉毛很浓。,Lông mày rất rậm.,,,,,,,
须,xū,xu,1,tu,râu,,,须|头|页|顺,than_the,2,胡须很长。,Bộ râu rất dài.,,,,,,,
踝,huái,huai,2,khoả,mắt cá chân,,足|果,踝|跟|路|跑,than_the,3,脚踝扭伤了。,Mắt cá chân bị trẹo.,,,,,,,
睫,jié,jie,2,tiệp,lông mi,,目|疌,睫|睛|眨|睁,than_the,3,睫毛很长。,Lông mi rất dài.,,,,,,,
脑,nǎo,nao,3,não,não,,月|凶,脑|恼|胸|脏,than_the,3,大脑很重要。,Bộ não rất quan trọng.,,,,,,,
肺,fèi,fei,4,phế,phổi,,月|市,肺|柿|肝|胖,than_the,3,肺很健康。,Phổi rất khỏe mạnh.,,,,,,,
肝,gān,gan,1,can,gan,,月|干,肝|肚|肺|胖,than_the,3,肝脏很重要。,Gan rất quan trọng.,,,,,,,
胃,wèi,wei,4,vị,dạ dày,,田|月,胃|界|留|界,than_the,3,胃很不舒服。,Dạ dày khó chịu.,,,,,,,
肠,cháng,chang,2,trường,ruột,,月|杨,肠|场|扬|杨,than_the,3,肠胃不好。,Dạ dày ruột không tốt.,,,,,,,
汗,hàn,han,4,hãn,mồ hôi,,氵|干,汗|汉|旱|杆,than_the,3,出了很多汗。,Ra rất nhiều mồ hôi.,,,,,,,
泪,lèi,lei,4,lệ,nước mắt,,氵|目,泪|眼|泣|滴,than_the,3,流泪了。,Chảy nước mắt rồi.,,,,,,,
甲,jiǎ,jia,3,giáp,móng (tay/chân),,,甲|由|申|田,than_the,3,指甲很长。,Móng tay rất dài.,,,5,金,,,2
现,xiàn,xian,4,hiện,"hiện tại, bây giờ",,,现|观|规|视,thoigian,1,现在几点？,Bây giờ mấy giờ?,,,,,,,
过,guò,guo,4,quá,"đã qua, quá khứ",,,过|辽|近|运,thoigian,1,过去的事。,Chuyện đã qua.,,,,,,,
将,jiāng,jiang,1,tương,"sắp, tương lai",,,将|奖|浆|酱,thoigian,1,将来会好的。,Tương lai sẽ tốt đẹp.,,,,,,,
昨,zuó,zuo,2,tạc,hôm qua,,日|乍,昨|作|昨|昕,thoigian,1,昨天下雨了。,Hôm qua trời mưa.,,,,,,,
钟,zhōng,zhong,1,chung,"đồng hồ, giờ",,钅|中,钟|种|锺|钢,thoigian,1,一点钟。,Một giờ đồng hồ.,,,,金,,,
秒,miǎo,miao,3,miểu,giây,,禾|少,秒|沙|吵|抄,thoigian,1,十秒钟。,Mười giây.,,,,,,,
晨,chén,chen,2,thần,buổi sáng sớm,,日|辰,晨|辰|震|振,thoigian,1,早晨很凉快。,Buổi sáng sớm rất mát.,,,,,,,
久,jiǔ,jiu,3,cửu,lâu (thời gian),,,久|久|夂|旧,thoigian,1,等了很久。,Đã chờ rất lâu.,,,,,,,
迟,chí,chi,2,trì,"muộn, trễ",,,迟|运|返|迈,thoigian,1,上学迟到了。,Đi học muộn rồi.,,早,,,,,
始,shǐ,shi,3,thủy,bắt đầu,,女|台,始|治|抬|胎,thoigian,1,开始上课。,Bắt đầu vào học.,,终,,,,,
终,zhōng,zhong,1,chung,"cuối cùng, kết thúc",,,终|冬|经|约,thoigian,1,终于结束了。,Cuối cùng cũng xong rồi.,,始,,,,,
准,zhǔn,zhun,3,chuẩn,"đúng giờ, chuẩn",,,准|淮|谁|难,thoigian,1,准时到达。,Đến đúng giờ.,,,,,,,
刻,kè,ke,4,khắc,khắc (15 phút),,亥|刂,刻|该|核|刘,thoigian,2,一刻钟。,Một khắc đồng hồ (15 phút).,,,,,,,
昼,zhòu,zhou,4,trú,ban ngày,,,昼|尽|画|书,thoigian,2,昼夜不停。,Ngày đêm không ngừng.,,夜,,,,,
初,chū,chu,1,sơ,"ban đầu, mới",,衤|刀,初|礼|衬|补,thoigian,2,初次见面。,Lần đầu gặp mặt.,,末,,,,,
末,mò,mo,4,mạt,"cuối, cuối cùng",,,末|未|木|本,thoigian,2,周末休息。,Cuối tuần nghỉ ngơi.,,初,,木,,,
持,chí,chi,2,trì,"duy trì, kéo dài",,扌|寺,持|待|等|特,thoigian,2,持续下雨。,Mưa kéo dài liên tục.,,,,,,,
永,yǒng,yong,3,vĩnh,"mãi mãi, vĩnh viễn",,,永|水|泳|冰,thoigian,3,永远记得。,Mãi mãi ghi nhớ.,,,,,,,
瞬,shùn,shun,4,thuấn,"chớp mắt, khoảnh khắc",,目|舜,瞬|眨|睁|瞄,thoigian,3,一瞬间。,Trong khoảnh khắc.,,,,,,,
刹,chà,cha,4,sát,khoảnh khắc ngắn ngủi,,,刹|杀|剎|刷,thoigian,3,刹那之间。,Trong khoảnh khắc ngắn ngủi.,,,,,,,
临,lín,lin,2,lâm,"sắp, đến gần (thời điểm)",,,临|监|览|坚,thoigian,3,临时决定。,Quyết định tạm thời.,,,,,,,
届,jiè,jie,4,giới,"khóa, kỳ",,尸|由,届|尾|居|尿,thoigian,3,第一届。,Khóa đầu tiên.,,,,,,,
期,qī,qi,1,kỳ,"kỳ hạn, thời kỳ",,其|月,期|欺|棋|旗,thoigian,3,学期开始了。,Học kỳ đã bắt đầu.,,,,,,,
限,xiàn,xian,4,hạn,"giới hạn, hạn",,阝|艮,限|艰|眼|恨,thoigian,3,期限到了。,Đến hạn rồi.,,,,,,,
延,yán,yan,2,diên,"kéo dài, trì hoãn",,,延|廷|建|诞,thoigian,3,延长时间。,Kéo dài thời gian.,,,,,,,
暂,zàn,zan,4,tạm,tạm thời,,车|日,暂|斩|渐|惭,thoigian,3,暂时休息。,Tạm thời nghỉ ngơi.,,,,,,,
恒,héng,heng,2,hằng,"thường hằng, mãi mãi",,忄|亘,恒|桓|宣|亘,thoigian,3,永恒不变。,Vĩnh hằng không đổi.,,,,,,,
频,pín,pin,2,tần,"tần suất, thường xuyên",,,频|颇|颗|须,thoigian,3,频繁发生。,Xảy ra thường xuyên.,,,,,,,
题,tí,ti,2,đề,"đề bài, câu hỏi",,页|是,题|是|提|堤,hoc,1,一道题目。,Một câu hỏi.,,,,,,,
板,bǎn,ban,3,bản,"bảng, tấm ván",,木|反,板|坂|饭|版,hoc,1,黑板很大。,Bảng đen rất to.,,,,,,,
尺,chǐ,chi,3,xích,cây thước,,,尺|尽|尼|尾,hoc,1,一把尺子。,Một cây thước.,,,,,,,
知,zhī,zhi,1,tri,biết,,矢|口,知|矩|短|矮,hoc,1,我不知道。,Tôi không biết.,,,,,,,
习,xí,xi,2,tập,"luyện tập, thói quen",,,习|羽|刁|司,hoc,1,学习汉语。,Học tiếng Hán.,,,,,,,
错,cuò,cuo,4,thác,"sai, nhầm lẫn",,钅|昔,错|措|借|惜,hoc,1,写错字了。,Viết sai chữ rồi.,,对,,,,,
念,niàn,nian,4,niệm,"đọc to, học, nghĩ",,,念|今|念|含,hoc,1,念课文。,Đọc bài văn.,,,,,,,
试,shì,shi,4,thí,"thử, thi",,讠|式,试|式|拭|识,hoc,1,考试很难。,Kỳ thi rất khó.,,,,,,,
铅,qiān,qian,1,duyên,chì,,钅|几,铅|错|钢|铁,hoc,2,铅笔很好用。,Bút chì rất tốt.,,,,,,,
识,shí,shi,2,thức,"nhận biết, kiến thức",,讠|只,识|职|织|职,hoc,2,认识这个字。,Nhận biết chữ này.,,,,,,,
抄,chāo,chao,1,sao,chép,,扌|少,抄|吵|炒|秒,hoc,2,抄写课文。,Chép bài văn.,,,,,,,
默,mò,mo,4,mặc,"im lặng, viết chính tả",,,默|黑|墨|黙,hoc,3,默写生字。,Viết chính tả từ mới.,,,,,,,
卷,juàn,juan,4,quyển,"quyển, bài thi",,,卷|券|卫|卫,hoc,3,试卷很难。,Bài thi rất khó.,,,,,,,
格,gé,ge,2,cách,"cách, ô; đạt (điểm)",,木|各,格|阁|洛|路,hoc,3,及格了。,Đã đạt điểm rồi.,,,,,,,
谁,shéi,shei,2,thùy,ai,,讠|隹,谁|难|唯|准,nguoi,1,这是谁？,Đây là ai?,,,,,,,
己,jǐ,ji,3,kỷ,"bản thân, mình",,,己|已|巳|已,nguoi,1,自己做的。,Tự mình làm.,,,,,,,
别,bié,bie,2,biệt,khác; đừng,,,别|列|到|判,nguoi,1,别人的东西。,Đồ của người khác.,,,,,,,
医,yī,yi,1,y,"bác sĩ, y học",,,医|区|巨|匹,nguoi,1,医生看病。,Bác sĩ khám bệnh.,,,,,,,
护,hù,hu,4,hộ,"bảo vệ, hộ (lý)",,扌|户,护|户|护|扩,nguoi,1,护士很忙。,Y tá rất bận.,,,,,,,
警,jǐng,jing,3,cảnh,"cảnh giác, cảnh sát",,,警|敬|惊|景,nguoi,1,警察来了。,Cảnh sát đến rồi.,,,,,,,
士,shì,shi,4,sĩ,người có chuyên môn,,,士|土|干|工,nguoi,1,战士很勇敢。,Người lính rất dũng cảm.,,,,,,,
客,kè,ke,4,khách,khách,,宀|各,客|家|宿|寄,nguoi,1,客人来了。,Khách đến rồi.,,主,,,,,
司,sī,si,1,ty,"phụ trách, quản lý",,,司|同|向|问,nguoi,2,公司司机。,Tài xế công ty.,,,,,,,
厨,chú,chu,2,trù,"đầu bếp, bếp",,厂|封,厨|橱|封|尉,nguoi,2,厨师做饭。,Đầu bếp nấu cơm.,,,,,,,
商,shāng,shang,1,thương,"buôn bán, thương nhân",,,商|滴|摘|敌,nguoi,2,商人很聪明。,Thương nhân rất khôn ngoan.,,,,,,,
农,nóng,nong,2,nông,"nông nghiệp, nông dân",,,农|衣|依|辰,nguoi,2,农民种田。,Nông dân trồng ruộng.,,,,,,,
兵,bīng,bing,1,binh,"lính, binh sĩ",,斤|八,兵|丘|乒|乓,nguoi,2,当兵很辛苦。,Làm lính rất vất vả.,,,,,,,
军,jūn,jun,1,quân,quân đội,,,军|车|连|运,nguoi,2,军人很守纪律。,Quân nhân rất kỷ luật.,,,,,,,
主,zhǔ,zhu,3,chủ,"chủ nhân, chính",,,主|王|生|丰,nguoi,2,房子的主人。,Chủ nhân ngôi nhà.,,客,,,,,
邻,lín,lin,2,lân,hàng xóm,,阝|令,邻|邻|冷|领,nguoi,2,邻居很友好。,Hàng xóm rất thân thiện.,,,,,,,
皇,huáng,huang,2,hoàng,"vua, hoàng đế",,白|王,皇|白|皂|皆,nguoi,3,古代的皇帝。,Hoàng đế thời cổ đại.,,,,,,,
帝,dì,di,4,đế,hoàng đế,,,帝|带|常|席,nguoi,3,皇帝很威严。,Hoàng đế rất uy nghiêm.,,,,,,,
臣,chén,chen,2,thần,"bề tôi, quan",,,臣|巨|臥|坚,nguoi,3,大臣上朝。,Đại thần lên triều.,,,,,,,
官,guān,guan,1,quan,quan chức,,,官|宫|管|馆,nguoi,3,当官不容易。,Làm quan không dễ.,,,,,,,
众,zhòng,zhong,4,chúng,"đông người, quần chúng",,,众|从|丛|人,nguoi,3,观众很多。,Khán giả rất đông.,,,6,,人,3,3
仆,pú,pu,2,bộc,"người hầu, đầy tớ",,亻|卜,仆|扑|朴|卜,nguoi,3,仆人服侍主人。,Người hầu phục vụ chủ nhân.,,,,,,,
敌,dí,di,2,địch,"kẻ thù, địch",,,敌|适|敢|做,nguoi,3,敌人来了。,Kẻ địch đến rồi.,,,,,,,
盟,méng,meng,2,minh,"đồng minh, liên minh",,,盟|盘|盛|盗,nguoi,3,两国结盟。,Hai nước kết đồng minh.,,,,,,,
怕,pà,pa,4,phạ,sợ hãi,,忄|白,怕|怪|怖|恒,tinh_tu,1,我很怕黑。,Tôi rất sợ bóng tối.,,,,,,,
怒,nù,nu,4,nộ,giận dữ,,奴|心,怒|恕|努|如,tinh_tu,1,他很愤怒。,Anh ấy rất giận.,,,,,,,
喜,xǐ,xi,3,hỷ,"vui mừng, thích",,,喜|嘉|壹|鼓,tinh_tu,1,很喜欢这个。,Rất thích cái này.,,厌,,,,,
怪,guài,guai,4,quái,"kỳ quái, lạ",,忄|圣,怪|怕|怖|恒,tinh_tu,1,很奇怪。,Rất kỳ lạ.,,,,,,,
奇,qí,qi,2,kỳ,kỳ lạ,,大|可,奇|奋|奉|夺,tinh_tu,1,很奇特。,Rất kỳ đặc.,,,,,,,
满,mǎn,man,3,mãn,"đầy, thỏa mãn",,氵|满,满|瞒|莫|漏,tinh_tu,1,杯子满了。,Cốc đầy rồi.,,空,,,,,
足,zú,zu,2,túc,"đủ, chân",,,足|是|走|跑,tinh_tu,1,心满意足。,Rất mãn nguyện.,,,,,,,
伤,shāng,shang,1,thương,"bị thương, đau buồn",,亻|历,伤|杨|场|扬,tinh_tu,1,手受伤了。,Tay bị thương rồi.,,,,,,,
紧,jǐn,jin,3,khẩn,"căng thẳng, chặt",,,紧|坚|紧|贤,tinh_tu,2,心情很紧张。,Tâm trạng rất căng thẳng.,,松,,,,,
舒,shū,shu,1,thư,"thoải mái, dễ chịu",,舍|予,舒|输|舍|途,tinh_tu,2,躺着很舒服。,Nằm rất thoải mái.,,,,,,,
惊,jīng,jing,1,kinh,"kinh ngạc, sợ hãi",,忄|京,惊|凉|掠|凑,tinh_tu,2,很惊讶。,Rất kinh ngạc.,,,,,,,
羞,xiū,xiu,1,tu,"xấu hổ, thẹn",,,羞|着|差|盖,tinh_tu,2,她很害羞。,Cô ấy rất ngại ngùng.,,,,,,,
烦,fán,fan,2,phiền,"phiền toái, chán",,火|页,烦|顺|颂|颜,tinh_tu,2,很麻烦。,Rất phiền phức.,,,,,,,
忧,yōu,you,1,ưu,"lo lắng, ưu tư",,,忧|优|扰|犹,tinh_tu,2,很担忧。,Rất lo lắng.,,,,,,,
骄,jiāo,jiao,1,kiêu,"kiêu ngạo, tự hào",,马|乔,骄|桥|轿|骑,tinh_tu,2,很骄傲。,Rất kiêu ngạo.,,,,,,,
恨,hèn,hen,4,hận,căm hận,,忄|艮,恨|很|恳|狠,tinh_tu,3,他很恨我。,Anh ấy rất hận tôi.,,爱,,,,,
悲,bēi,bei,1,bi,buồn thảm,,非|心,悲|辈|罪|悬,tinh_tu,3,很悲伤。,Rất bi thương.,,喜,,,,,
虑,lǜ,lu,4,lự,"lo nghĩ, cân nhắc",,虍|思,虑|虎|虚|虞,tinh_tu,3,考虑一下。,Cân nhắc một chút.,,,,,,,
慌,huāng,huang,1,hoảng,hoảng hốt,,忄|荒,慌|荒|谎|慢,tinh_tu,3,别慌张。,Đừng hoảng hốt.,,,,,,,
趣,qù,qu,4,thú,thú vị,,走|取,趣|趋|越|超,tinh_tu,3,很有趣。,Rất thú vị.,,,,,,,
腻,nì,ni,4,nhị,"ngán, nhàm chán",,月|贰,腻|贰|腔|脆,tinh_tu,3,吃腻了。,Ăn ngán rồi.,,,,,,,
慨,kǎi,kai,3,khái,"cảm khái, hào phóng",,忄|既,慨|概|溉|既,tinh_tu,3,很感慨。,Rất cảm khái.,,,,,,,
话,huà,hua,4,thoại,điện thoại; lời nói,,讠|舌,话|活|括|适,do_vat,1,打电话。,Gọi điện thoại.,,,,,,,
网,wǎng,wang,3,võng,"mạng lưới, internet",,,网|冈|罗|罔,do_vat,1,上网查资料。,Lên mạng tra tài liệu.,,,,,,,
扇,shàn,shan,4,phiến,cái quạt,,户|羽,扇|户|房|扁,do_vat,1,一把扇子。,Một cái quạt.,,,,,,,
绳,shéng,sheng,2,thằng,sợi dây thừng,,纟|黾,绳|蝇|绝|继,do_vat,1,一根绳子。,Một sợi dây thừng.,,,,,,,
旗,qí,qi,2,kỳ,lá cờ,,,旗|族|旋|旅,do_vat,1,一面旗子。,Một lá cờ.,,,,,,,
牌,pái,pai,2,bài,"biển hiệu, thẻ bài",,片|卑,牌|碑|脾|啤,do_vat,1,一块牌子。,Một tấm biển hiệu.,,,,,,,
键,jiàn,jian,4,kiện,"phím, chìa khóa",,钅|建,键|健|建|键,do_vat,2,按一个键。,Nhấn một phím.,,,,,,,
络,luò,luo,4,lạc,"mạng lưới, kết nối",,纟|各,络|络|洛|骆,do_vat,2,网络很快。,Mạng rất nhanh.,,,,,,,
屏,píng,ping,2,bình,màn hình,,尸|并,屏|屈|层|居,do_vat,2,屏幕很大。,Màn hình rất to.,,,,,,,
梯,tī,ti,1,thê,cái thang,,木|弟,梯|悌|递|涕,do_vat,2,爬楼梯。,Leo cầu thang.,,,,,,,
铃,líng,ling,2,linh,cái chuông,,钅|令,铃|冷|领|玲,do_vat,2,门铃响了。,Chuông cửa reo rồi.,,,,,,,
鼓,gǔ,gu,3,cổ,cái trống,,,鼓|鼗|鼙|鼓,do_vat,2,打鼓。,Đánh trống.,,,,,,,
幕,mù,mu,4,mạc,"màn, màn hình",,莫|巾,幕|暮|墓|慕,do_vat,3,屏幕的幕。,Cái màn của màn hình.,,,,,,,
琴,qín,qin,2,cầm,đàn (nhạc cụ),,,琴|琵|琶|瑟,do_vat,3,弹钢琴。,Chơi đàn piano.,,,,,,,
笛,dí,di,2,địch,sáo,,竹|由,笛|笔|符|笑,do_vat,3,吹笛子。,Thổi sáo.,,,,,,,
锣,luó,luo,2,la,"thanh la, cồng",,钅|罗,锣|罗|逻|萝,do_vat,3,敲锣打鼓。,Gõ thanh la đánh trống.,,,,,,,
望,wàng,wang,4,vọng,"nhìn xa, hy vọng",,,望|忘|亡|忙,dongtu,1,希望成功。,Hy vọng thành công.,,,,,,,
请,qǐng,qing,3,thỉnh,"mời, xin",,讠|青,请|清|情|晴,dongtu,1,请坐。,Mời ngồi.,,,,,,,
谢,xiè,xie,4,tạ,cảm ơn,,讠|射,谢|谁|讲|谈,dongtu,1,谢谢你。,Cảm ơn bạn.,,,,,,,
道,dào,dao,4,đạo,con đường; nói,,,道|首|导|遵,dongtu,1,知道了。,Biết rồi.,,,,,,,
罚,fá,fa,2,phạt,trừng phạt,,,罚|罪|署|罢,dongtu,1,受到惩罚。,Bị trừng phạt.,,,,,,,
盼,pàn,pan,4,phán,"mong mỏi, trông đợi",,目|分,盼|盯|盲|眼,dongtu,2,盼望你回来。,Mong bạn trở về.,,,,,,,
祝,zhù,zhu,4,chúc,chúc mừng,,礻|兄,祝|视|礼|祖,dongtu,2,祝你生日快乐。,Chúc bạn sinh nhật vui vẻ.,,,,,,,
贺,hè,he,4,hạ,chúc mừng,,加|贝,贺|加|架|贵,dongtu,2,祝贺你。,Chúc mừng bạn.,,,,,,,
夸,kuā,kua,1,khoa,"khen ngợi, khoe khoang",,大|亏,夸|奋|夺|奇,dongtu,2,老师夸我。,Thầy giáo khen tôi.,,,,,,,
邀,yāo,yao,1,yêu,mời,,,邀|激|傲|徼,dongtu,3,邀请朋友。,Mời bạn bè.,,,,,,,
歉,qiàn,qian,4,khiểm,"xin lỗi, áy náy",,,歉|谦|嫌|歉,dongtu,3,道歉了。,Đã xin lỗi rồi.,,,,,,,
奖,jiǎng,jiang,3,tưởng,"phần thưởng, khen thưởng",,,奖|将|浆|酱,dongtu,3,得了大奖。,Đoạt được giải lớn.,,,,,,,
惩,chéng,cheng,2,trừng,trừng trị,,,惩|征|微|徽,dongtu,3,惩罚坏人。,Trừng phạt kẻ xấu.,,,,,,,
衣,yī,yi,1,y,"áo, quần áo",,,衣|农|衣|哀,do_vat,1,新衣服。,Quần áo mới.,,,,,,,
服,fú,fu,2,phục,quần áo; phục vụ,,,服|报|股|朋,do_vat,1,衣服很漂亮。,Quần áo rất đẹp.,,,,,,,
裤,kù,ku,4,khố,quần,,衤|库,裤|库|裙|袜,do_vat,1,一条裤子。,Một cái quần.,,,12,,,,3
帽,mào,mao,4,mạo,"mũ, nón",,巾|冒,帽|冒|帅|帐,do_vat,1,戴帽子。,Đội mũ.,,,12,,,,3
鞋,xié,xie,2,hài,"giày, dép",,革|圭,鞋|鞍|鞭|鞋,do_vat,1,一双鞋子。,Một đôi giày.,,,15,,,,3
船,chuán,chuan,2,thuyền,thuyền,,,船|般|舱|艇,do_vat,1,一条船。,Một chiếc thuyền.,,,,水,,,
裙,qún,qun,2,quần,váy,,衤|君,裙|裤|裤|袄,do_vat,2,一条裙子。,Một cái váy.,,,,,,,
袜,wà,wa,4,miệt,"tất, vớ",,衤|末,袜|裤|袄|裙,do_vat,2,一双袜子。,Một đôi tất.,,,,,,,
套,tào,tao,4,sáo,"bộ, áo khoác ngoài",,大|长,套|长|奎|査,do_vat,2,一套衣服。,Một bộ quần áo.,,,10,,,,3
围,wéi,wei,2,vi,quây quanh; khăn quàng,,,围|国|团|因,do_vat,2,一条围巾。,Một chiếc khăn quàng.,,,,,,,
轮,lún,lun,2,luân,"bánh xe, vòng",,车|仑,轮|论|伦|抡,do_vat,2,车轮转动。,Bánh xe quay.,,,,,,,
铁,tiě,tie,3,thiết,sắt,,钅|失,铁|钱|钢|铅,do_vat,2,铁很硬。,Sắt rất cứng.,,,,金,,,2
艇,tǐng,ting,3,đĩnh,"thuyền nhỏ, xuồng",,舟|廷,艇|舰|船|艘,do_vat,3,一艘小艇。,Một chiếc xuồng nhỏ.,,,,,,,
胎,tāi,tai,1,thai,lốp xe; bào thai,,月|台,胎|抬|苔|治,do_vat,3,轮胎爆了。,Lốp xe bị nổ.,,,,,,,
钢,gāng,gang,1,cương,thép,,钅|冈,钢|刚|钢|钩,do_vat,3,钢铁很结实。,Thép rất chắc chắn.,,,,,,,
街,jiē,jie,1,nhai,"phố, đường phố",,,街|衔|冲|征,do_vat,3,大街上很热闹。,Trên phố rất nhộn nhịp.,,,,,,,
巷,xiàng,xiang,4,hạng,"ngõ, hẻm",,,巷|港|巻|卷,do_vat,3,小巷很窄。,Con hẻm nhỏ rất hẹp.,,,,,,,
树,shù,shu,4,thụ,cây,,木|对,树|林|森|校,rung,1,一棵大树。,Một cây to.,,,,木,,,2
苹,píng,ping,2,bình,táo (quả),,艹|平,苹|坪|评|苗,rung,1,苹果很甜。,Quả táo rất ngọt.,,,,木,,,
梨,lí,li,2,lê,quả lê,,禾|利,梨|利|梁|棃,rung,1,一个梨子。,Một quả lê.,,,,木,,,
柑,gān,gan,1,cam,"quả cam, quýt",,木|甘,柑|甘|柚|橘,rung,1,柑橘很酸。,Cam quýt rất chua.,,,,,,,
枣,zǎo,zao,3,táo,táo tàu,,,枣|東|果|来,rung,1,红枣很甜。,Táo tàu đỏ rất ngọt.,,,,,,,
茎,jīng,jing,1,hành,thân cây (mềm),,艹|坙,茎|经|径|轻,rung,2,花茎很细。,Thân hoa rất mảnh.,,,,,,,
柿,shì,shi,4,thị,quả hồng,,木|市,柿|柏|柚|杮,rung,2,柿子很软。,Quả hồng rất mềm.,,,,,,,
椰,yē,ye,1,da,dừa,,木|耶,椰|椰|棕|柳,rung,2,椰子树很高。,Cây dừa rất cao.,,,,,,,
榴,liú,liu,2,lựu,lựu (quả),,木|留,榴|留|溜|流,rung,2,石榴很红。,Quả lựu rất đỏ.,,,,,,,
柚,yòu,you,4,dữu,bưởi,,木|由,柚|油|抽|轴,rung,2,柚子很大。,Quả bưởi rất to.,,,,,,,
藻,zǎo,zao,3,tảo,"tảo, rong biển",,艹|澡,藻|澡|操|燥,rung,3,海藻很绿。,Rong biển rất xanh.,,,,,,,
藕,ǒu,ou,3,ngẫu,củ sen,,艹|禺,藕|偶|遇|寓,rung,3,莲藕很脆。,Củ sen rất giòn.,,,,,,,
麻,má,ma,2,ma,"cây gai dầu, mè",,,麻|磨|摩|魔,rung,3,芝麻很香。,Mè rất thơm.,,,,,,,
棉,mián,mian,2,miên,"cây bông, bông vải",,木|帛,棉|绵|帛|锦,rung,3,棉花很软。,Bông vải rất mềm.,,,,,,,
蜗,wō,wo,1,oa,ốc sên,,虫|呙,蜗|锅|窝|涡,thu,1,蜗牛爬得慢。,Ốc sên bò rất chậm.,,,,,,,
鸦,yā,ya,1,nha,quạ,,牙|鸟,鸦|鸣|鸭|鸽,thu,1,乌鸦很黑。,Con quạ rất đen.,,,,,,,
燕,yàn,yan,4,yến,"chim yến, chim én",,,燕|热|热|烈,thu,1,燕子飞回来了。,Chim én đã bay về.,,,,,,,
鳄,è,e,4,ngạc,cá sấu,,鱼|咢,鳄|鲸|鲨|鳖,thu,2,鳄鱼很危险。,Cá sấu rất nguy hiểm.,,,,,,,
犀,xī,xi,1,tê,tê giác,,,犀|犁|犯|型,thu,2,犀牛的角。,Sừng tê giác.,,,,,,,
鹤,hè,he,4,hạc,con hạc,,,鹤|鹅|鹰|鸦,thu,2,仙鹤很优雅。,Con hạc rất thanh nhã.,,,,,,,
鹊,què,que,4,thước,"chim khách, ác là",,,鹊|雀|鸦|鸽,thu,2,喜鹊报喜。,Chim khách báo tin vui.,,,,,,,
蟒,mǎng,mang,3,mãng,trăn,,虫|莽,蟒|莽|蛇|蟠,thu,3,蟒蛇很大。,Con trăn rất to.,,,,,,,
蝎,xiē,xie,1,hiết,bò cạp,,虫|曷,蝎|喝|渴|蝴,thu,3,蝎子有毒。,Bò cạp có độc.,,,,,,,
蜥,xī,xi,1,tích,thằn lằn,,虫|析,蜥|析|晰|蜴,thu,3,蜥蜴很快。,Thằn lằn rất nhanh.,,,,,,,
蝠,fú,fu,2,bức,con dơi,,虫|畐,蝠|福|幅|蝙,thu,3,蝙蝠在夜里飞。,Con dơi bay vào ban đêm.,,,,,,,
正,zhèng,zheng,4,chính,"chính giữa, ngay ngắn, đúng",,,正|止|走|定,phuong,1,正中间。,Đúng chính giữa.,,偏,,,,,
反,fǎn,fan,3,phản,"ngược lại, đảo ngược",,,反|友|发|双,phuong,1,反方向。,Hướng ngược lại.,,正,,,,,
央,yāng,yang,1,ương,"trung tâm, giữa",,,央|夹|失|夫,phuong,1,中央位置。,Vị trí trung tâm.,,,,,,,
途,tú,tu,2,đồ,"con đường, lộ trình",,,途|徐|徒|途,phuong,1,半途而废。,Bỏ dở giữa đường.,,,,,,,
朝,cháo,chao,2,triều,hướng về; buổi sáng,,,朝|潮|嘲|廟,phuong,1,朝东走。,Đi về hướng đông.,,,,,,,
横,héng,heng,2,hoành,ngang,,木|黄,横|黄|广|横,phuong,1,横线。,Đường kẻ ngang.,,竖,,,,,
竖,shù,shu,4,thụ,"dọc, thẳng đứng",,,竖|坚|紧|贤,phuong,1,竖线。,Đường kẻ dọc.,,横,,,,,
偏,piān,pian,1,thiên,"lệch, nghiêng",,亻|扁,偏|遍|篇|骗,phuong,2,偏左一点。,Hơi lệch sang trái một chút.,,正,,,,,
顺,shùn,shun,4,thuận,"thuận theo, xuôi",,,顺|须|颜|颖,phuong,2,顺路走。,Đi theo đường thuận.,,逆,,,,,
逆,nì,ni,4,nghịch,"ngược, trái chiều",,,逆|递|逐|迎,phuong,2,逆流而上。,Ngược dòng đi lên.,,顺,,,,,
度,dù,du,4,độ,"độ, mức độ",,广|廿,度|席|府|庆,phuong,2,角度很大。,Góc độ rất lớn.,,,,,,,
段,duàn,duan,4,đoạn,"đoạn, khúc",,,段|殿|锻|叚,phuong,2,一段路。,Một đoạn đường.,,,,,,,
径,jìng,jing,4,kính,"đường tắt, đường kính",,彳|巠,径|经|轻|茎,phuong,2,直径很长。,Đường kính rất dài.,,,,,,,
纵,zòng,zong,4,tung,"dọc, chiều dọc",,纟|从,纵|从|丛|队,phuong,2,纵横交错。,Dọc ngang đan xen.,,横,,,,,
缘,yuán,yuan,2,duyên,duyên phận; rìa,,,缘|绿|录|缓,phuong,3,边缘很危险。,Rìa rất nguy hiểm.,,,,,,,
轴,zhóu,zhou,2,trục,trục,,车|由,轴|由|轮|轨,phuong,3,中轴线。,Đường trục giữa.,,,,,,,
局,jú,ju,2,cục,"cục bộ, tình thế",,尸|口,局|尽|居|尿,phuong,3,局部地区。,Khu vực cục bộ.,,,,,,,
截,jié,jie,2,tiệt,"cắt đoạn, chặn",,,截|栽|载|裁,phuong,3,截止时间。,Thời gian chốt lại.,,,,,,,
幅,fú,fu,2,bức,"bề rộng, bức (tranh)",,巾|畐,幅|副|富|辐,phuong,3,一幅画。,Một bức tranh.,,,,,,,
斜,xié,xie,2,tà,"xiên, chéo",,斗|余,斜|余|斗|科,phuong,3,斜线很陡。,Đường chéo rất dốc.,,,,,,,
册,cè,ce,4,sách,"quyển, tập",,,册|删|栅|珊,hoc,1,一册书。,Một quyển sách.,,,,,,,
体,tǐ,ti,3,thể,cơ thể; thể (chữ),,亻|本,体|休|体|化,hoc,1,身体很好。,Cơ thể rất khỏe.,,,7,,,,3
章,zhāng,zhang,1,chương,"chương (sách), con dấu",,立|早,章|童|竟|音,hoc,1,第一章。,Chương thứ nhất.,,,,,,,
节,jié,jie,2,tiết,"đoạn, tiết, lễ",,,节|艺|亏|巾,hoc,1,这一节课。,Tiết học này.,,,,,,,
篇,piān,pian,1,thiên,"bài văn, thiên (chương)",,竹|扁,篇|遍|偏|骗,hoc,1,一篇文章。,Một bài văn.,,,,,,,
页,yè,ye,4,hiệt,trang (giấy),,,页|贝|负|贡,hoc,1,这一页。,Trang này.,,,,,,,
墨,mò,mo,4,mặc,mực,,黑|土,墨|黑|默|黛,hoc,2,墨水用完了。,Mực hết rồi.,,,,,,,
简,jiǎn,jian,3,giản,"đơn giản, thẻ tre",,竹|间,简|问|间|闻,hoc,2,很简单。,Rất đơn giản.,,繁,,,,,
繁,fán,fan,2,phồn,"phức tạp, phồn thịnh",,,繁|系|敏|每,hoc,2,繁体字。,Chữ phồn thể.,,简,,,,,
签,qiān,qian,1,thiêm,"ký tên, nhãn",,竹|签,签|签|铅|签,hoc,2,签名。,Ký tên.,,,,,,,
版,bǎn,ban,3,bản,"phiên bản, bản in",,片|反,版|板|片|贩,hoc,2,出版了。,Đã xuất bản.,,,,,,,
砚,yàn,yan,4,nghiễn,nghiên mực,,石|见,砚|视|规|观,hoc,3,一方砚台。,Một cái nghiên mực.,,,,,,,
译,yì,yi,4,dịch,"dịch, phiên dịch",,讠|译,译|驿|泽|绎,hoc,3,翻译成越南语。,Dịch sang tiếng Việt.,,,,,,,
稿,gǎo,gao,3,cảo,bản thảo,,禾|高,稿|高|篙|嵩,hoc,3,写稿子。,Viết bản thảo.,,,,,,,
编,biān,bian,1,biên,"biên soạn, đan",,纟|扁,编|遍|偏|篇,hoc,3,编写课本。,Biên soạn sách giáo khoa.,,,,,,,
著,zhù,zhu,4,trứ,"viết, trứ tác",,艹|者,著|署|着|箸,hoc,3,著名作家。,Nhà văn nổi tiếng.,,,,,,,
育,yù,yu,4,dục,"nuôi dưỡng, giáo dục",,,育|盲|流|充,gia_dinh,1,教育孩子。,Giáo dục con cái.,,,,,,,
孤,gū,gu,1,cô,"mồ côi, cô đơn",,子|瓜,孤|狐|弧|孙,gia_dinh,1,孤儿很可怜。,Trẻ mồ côi rất đáng thương.,,独,,,,,
独,dú,du,2,độc,"một mình, độc thân",,犭|虫,独|狼|狮|猴,gia_dinh,1,独生子女。,Con một.,,孤,,,,,
氏,shì,shi,4,thị,họ (dòng họ),,,氏|民|氐|氓,gia_dinh,1,姓氏。,Họ tên.,,,,,,,
承,chéng,cheng,2,thừa,"thừa kế, gánh vác",,,承|丞|烝|拯,gia_dinh,1,继承家业。,Thừa kế sự nghiệp gia đình.,,,,,,,
抚,fǔ,fu,3,phủ,"vỗ về, nuôi dưỡng",,扌|无,抚|扰|拥|扶,gia_dinh,2,抚养孩子。,Nuôi dưỡng con cái.,,,,,,,
继,jì,ji,4,kế,"kế tiếp, thừa kế",,,继|断|绝|继,gia_dinh,2,继父。,Cha kế.,,,,,,,
嫂,sǎo,sao,3,tẩu,chị dâu,,女|叟,嫂|搜|艘|溲,gia_dinh,2,嫂子很好。,Chị dâu rất tốt.,,,,,,,
婿,xù,xu,4,tế,con rể,,女|胥,婿|媳|婚|姻,gia_dinh,2,女婿来了。,Con rể đến rồi.,,,,,,,
媳,xí,xi,2,tức,con dâu,,女|息,媳|息|媒|嫁,gia_dinh,2,儿媳很孝顺。,Con dâu rất hiếu thảo.,,,,,,,
嫁,jià,jia,4,giá,"lấy chồng, gả",,女|家,嫁|家|稼|嫁,gia_dinh,3,她嫁人了。,Cô ấy đã lấy chồng.,,娶,,,,,
娶,qǔ,qu,3,thú,"lấy vợ, cưới",,取|女,娶|取|聚|娘,gia_dinh,3,他娶妻了。,Anh ấy đã cưới vợ.,,嫁,,,,,
寡,guǎ,gua,3,quả,góa (chồng/vợ),,,寡|寝|察|冠,gia_dinh,3,寡妇很坚强。,Người góa phụ rất kiên cường.,,,,,,,
甥,shēng,sheng,1,sanh,cháu (con chị/em gái),,生|男,甥|舅|甥|外,gia_dinh,3,外甥很聪明。,Đứa cháu rất thông minh.,,,,,,,
餐,cān,can,1,xan,bữa ăn,,,餐|飧|歺|冷,an,1,早餐很香。,Bữa sáng rất thơm.,,,,,,,
食,shí,shi,2,thực,"ăn, thức ăn",,,食|良|饭|饮,an,1,食物很多。,Thức ăn rất nhiều.,,,,,,,
味,wèi,wei,4,vị,mùi vị,,口|未,味|末|味|妹,an,1,味道很好。,Mùi vị rất ngon.,,,,,,,
面,miàn,mian,4,diện,"mì, bột mì",,,面|而|自|首,an,1,一碗面。,Một bát mì.,,,,,,,
蜜,mì,mi,4,mật,mật ong,,宀|虫,蜜|密|蜂|蜡,an,1,蜂蜜很甜。,Mật ong rất ngọt.,,,,,,,
饮,yǐn,yin,3,ẩm,"uống, đồ uống",,饣|欠,饮|饭|饱|次,an,1,饮料很凉。,Đồ uống rất mát.,,,,,,,
腥,xīng,xing,1,tinh,tanh (mùi cá),,月|星,腥|星|猩|惺,an,2,鱼很腥。,Cá rất tanh.,,,,,,,
料,liào,liao,4,liệu,"nguyên liệu, gia vị",,米|斗,料|科|斗|斜,an,2,加点调料。,Cho thêm chút gia vị.,,,,,,,
碟,dié,die,2,điệp,đĩa nhỏ,,石|枼,碟|碗|蝶|碑,an,2,一碟小菜。,Một đĩa món ăn nhỏ.,,,,,,,
粒,lì,li,4,lạp,hạt,,米|立,粒|米|粉|籽,an,2,一粒米。,Một hạt gạo.,,,,,,,
乳,rǔ,ru,3,nhũ,sữa,,,乳|孔|浮|乱,an,2,牛乳很浓。,Sữa bò rất đặc.,,,,,,,
肴,yáo,yao,2,hào,"món ăn, thức nhắm",,肉|爻,肴|看|着|首,an,3,菜肴很丰富。,Món ăn rất phong phú.,,,,,,,
宴,yàn,yan,4,yến,tiệc,,宀|妟,宴|安|宾|宁,an,3,生日宴会。,Tiệc sinh nhật.,,,,,,,
席,xí,xi,2,tịch,"chiếu, tiệc, chỗ ngồi",,,席|度|库|应,an,3,喜宴的席位。,Chỗ ngồi tiệc cưới.,,,,,,,
渣,zhā,zha,1,tra,"bã, cặn",,氵|查,渣|茶|楂|渡,an,3,茶渣。,Bã trà.,,,,,,,
浆,jiāng,jiang,1,tương,"nước ép sánh, sữa",,,浆|将|奖|酱,an,3,豆浆很香。,Sữa đậu nành rất thơm.,,,,,,,
片,piàn,pian,4,phiến,"miếng, lát (lượng từ)",,,片|叶|版|牌,so,1,一片面包。,Một lát bánh mì.,,,,,,,
颗,kē,ke,1,khỏa,"hạt, viên (lượng từ)",,果|页,颗|棵|裸|果,so,1,一颗星星。,Một ngôi sao.,,,,,,,
层,céng,ceng,2,tằng,"tầng, lớp",,,层|尺|尼|居,so,1,五层楼。,Tòa nhà năm tầng.,,,,,,,
批,pī,pi,1,phê,"lô, đợt",,,批|北|比|此,so,1,一批货物。,Một lô hàng.,,,,,,,
排,pái,pai,2,bài,"hàng, dãy",,扌|非,排|牌|徘|悲,so,1,一排树。,Một hàng cây.,,,,,,,
群,qún,qun,2,quần,"đàn, nhóm, bầy",,君|羊,群|羊|君|群,so,2,一群羊。,Một đàn cừu.,,,,,,,
串,chuàn,chuan,4,xuyến,"xâu, chuỗi",,,串|中|申|电,so,2,一串葡萄。,Một chùm nho.,,,,,,,
堆,duī,dui,1,đôi,đống,,土|隹,堆|谁|唯|难,so,2,一堆书。,Một đống sách.,,,,,,,
束,shù,shu,4,thúc,bó,,,束|柬|刺|辣,so,2,一束花。,Một bó hoa.,,,,,,,
滴,dī,di,1,tích,giọt,,氵|商,滴|摘|敌|嫡,so,2,一滴水。,Một giọt nước.,,,,,,,
番,fān,fan,1,phiên,"lần, phen",,,番|翻|審|悉,so,3,一番话。,Một phen nói chuyện.,,,,,,,
趟,tàng,tang,4,thảng,"lượt, chuyến",,走|尚,趟|趣|超|越,so,3,这一趟。,Chuyến này.,,,,,,,
阵,zhèn,zhen,4,trận,"trận, đợt",,阝|车,阵|队|阶|院,so,3,一阵风。,Một trận gió.,,,,,,,
率,lǜ,lu,4,suất,"tỷ lệ, suất",,,率|卒|玄|旋,so,3,成功率很高。,Tỷ lệ thành công rất cao.,,,,,,,
比,bǐ,bi,3,tỷ,"so sánh, tỷ lệ",,,比|北|此|皆,so,3,比一比。,So sánh một chút.,,,,,,,
陆,lù,lu,4,lục,"đất liền, lục địa",,,陆|坴|阵|院,thien_nhien,1,大陆很大。,Lục địa rất lớn.,,,,,,,
洲,zhōu,zhou,1,châu,"châu lục, bãi bồi",,氵|州,洲|州|酬|洪,thien_nhien,1,亚洲很大。,Châu Á rất lớn.,,,,,,,
洋,yáng,yang,2,dương,đại dương,,氵|羊,洋|羊|详|阳,thien_nhien,1,太平洋。,Thái Bình Dương.,,,,,,,
昏,hūn,hun,1,hôn,"hoàng hôn, mê muội",,氏|日,昏|婚|氏|低,thien_nhien,1,黄昏很美。,Hoàng hôn rất đẹp.,,,,,,,
湾,wān,wan,1,loan,vịnh,,氵|弯,湾|弯|恋|湖,thien_nhien,1,海湾很美。,Vịnh biển rất đẹp.,,,,,,,
滩,tān,tan,1,than,"bãi biển, bãi cát",,氵|难,滩|难|摊|叹,thien_nhien,1,沙滩很白。,Bãi cát rất trắng.,,,,,,,
雹,báo,bao,2,bạc,mưa đá,,雨|包,雹|雷|雾|雪,thien_nhien,2,下冰雹了。,Có mưa đá rồi.,,,,,,,
霞,xiá,xia,2,hà,"ráng, hoàng hôn đỏ",,雨|叚,霞|假|暇|遐,thien_nhien,2,晚霞很红。,Ráng chiều rất đỏ.,,,,,,,
辰,chén,chen,2,thần,"thời điểm, chòm sao",,,辰|晨|震|振,thien_nhien,2,星辰满天。,Sao đầy trời.,,,,,,,
宇,yǔ,yu,3,vũ,"vũ trụ, không gian",,宀|于,宇|字|宁|守,thien_nhien,2,宇宙很大。,Vũ trụ rất lớn.,,,,,,,
宙,zhòu,zhou,4,trụ,"vũ trụ, thời gian",,宀|由,宙|宇|宗|宾,thien_nhien,2,宇宙无边。,Vũ trụ vô tận.,,,,,,,
穹,qióng,qiong,2,khung,vòm trời,,穴|弓,穹|穷|空|究,thien_nhien,3,苍穹之下。,Dưới bầu trời.,,,,,,,
礁,jiāo,jiao,1,tiều,"đá ngầm, rạn san hô",,石|焦,礁|焦|礁|樵,thien_nhien,3,海礁很危险。,Đá ngầm rất nguy hiểm.,,,,,,,
汐,xī,xi,1,tịch,thủy triều xuống,,氵|夕,汐|夕|汗|汁,thien_nhien,3,潮汐变化。,Sự biến đổi thủy triều.,,,,,,,
飓,jù,ju,4,cụ,bão lớn,,风|具,飓|飘|风|飙,thien_nhien,3,飓风很猛。,Bão rất mạnh.,,,,,,,
暴,bào,bao,4,bạo,"dữ dội, bão",,,暴|爆|瀑|曝,thien_nhien,3,暴风雨来了。,Bão tố đã đến.,,,,,,,
纯,chún,chun,2,thuần,thuần túy (màu),,纟|屯,纯|吨|钝|纪,mau,1,纯白色。,Màu trắng thuần khiết.,,,,,,,
斑,bān,ban,1,ban,"đốm, vằn",,,斑|班|斓|辨,mau,1,斑点很多。,Có rất nhiều đốm.,,,,,,,
艳,yàn,yan,4,diễm,"rực rỡ, tươi thắm",,,艳|色|艶|色,mau,2,颜色很艳。,Màu sắc rất rực rỡ.,,,,,,,
调,diào,diao,4,điều,"phối màu, điều chỉnh",,讠|周,调|周|凋|雕,mau,2,调色很难。,Phối màu rất khó.,,,,,,,
渐,jiàn,jian,4,tiệm,dần dần (màu chuyển),,氵|斩,渐|暂|惭|嘶,mau,3,颜色渐变。,Màu sắc chuyển dần.,,,,,,,
蚕,cán,can,2,tàm,con tằm,,天|虫,蚕|蚕|蛋|春,thu,1,蚕丝很软。,Tơ tằm rất mềm.,,,,,,,
鲤,lǐ,li,3,lý,cá chép,,鱼|里,鲤|鲫|鲨|鲸,thu,1,鲤鱼跳龙门。,Cá chép vượt Vũ Môn.,,,,,,,
猿,yuán,yuan,2,viên,vượn,,犭|袁,猿|猴|猩|猫,thu,1,猿猴很聪明。,Vượn khỉ rất thông minh.,,,,,,,
狸,lí,li,2,ly,"cầy, chồn",,犭|里,狸|狐|狼|狮,thu,1,狐狸很狡猾。,Con cáo rất xảo quyệt.,,,,,,,
鳗,mán,man,2,man,"lươn, cá chình",,鱼|曼,鳗|鲤|鳄|鲤,thu,2,鳗鱼很滑。,Cá chình rất trơn.,,,,,,,
螺,luó,luo,2,loa,ốc,,虫|累,螺|蜗|蜘|蟹,thu,2,田螺很多。,Ốc đồng rất nhiều.,,,,,,,
猩,xīng,xing,1,tinh,tinh tinh,,犭|星,猩|猴|猿|猫,thu,2,猩猩很像人。,Tinh tinh trông giống người.,,,,,,,
羚,líng,ling,2,linh,linh dương,,羊|令,羚|羊|群|美,thu,2,羚羊跑得快。,Linh dương chạy rất nhanh.,,,,,,,
蚌,bàng,bang,4,bạng,"con trai, con hến",,虫|丰,蚌|蛙|蟹|虾,thu,3,河蚌里有珍珠。,Trong con trai có ngọc trai.,,,,,,,
貂,diāo,diao,1,điêu,con chồn,,豸|召,貂|豹|狮|狼,thu,3,貂皮很暖。,Da chồn rất ấm.,,,,,,,
獭,tǎ,ta,3,thát,rái cá,,犭|赖,獭|狼|狐|貂,thu,3,水獭会游泳。,Rái cá biết bơi.,,,,,,,
蟾,chán,chan,2,thiềm,con cóc,,虫|詹,蟾|蛙|蝉|虾,thu,3,蟾蜍很丑。,Con cóc rất xấu.,,,,,,,
腹,fù,fu,4,phúc,bụng (trang trọng),,月|复,腹|复|覆|履,than_the,1,腹部很痛。,Bụng rất đau.,,,,,,,
腕,wàn,wan,4,oản,cổ tay,,月|宛,腕|碗|婉|惋,than_the,1,手腕很细。,Cổ tay rất mảnh.,,,,,,,
筋,jīn,jin,1,cân,gân,,⺮|力,筋|力|肋|筷,than_the,1,筋很酸。,Gân rất mỏi.,,,,,,,
孔,kǒng,kong,3,khổng,"lỗ, hang",,,孔|孙|孤|孩,than_the,1,瞳孔很黑。,Con ngươi mắt rất đen.,,,,,,,
臀,tún,tun,2,đồn,mông,,殿|月,臀|殿|臂|腿,than_the,2,臀部很结实。,Mông rất chắc.,,,,,,,
颅,lú,lu,2,lô,"sọ, đầu lâu",,页|户,颅|颈|颂|额,than_the,2,头颅很硬。,Hộp sọ rất cứng.,,,,,,,
颊,jiá,jia,2,giáp,má,,页|夹,颊|颈|颂|颅,than_the,2,脸颊很红。,Má rất đỏ.,,,,,,,
瞳,tóng,tong,2,đồng,con ngươi mắt,,目|童,瞳|睛|眼|童,than_the,2,瞳孔放大。,Con ngươi mắt giãn ra.,,,,,,,
颚,è,e,4,ngạc,hàm,,页|噩,颚|鳄|颈|颊,than_the,3,下颚很宽。,Hàm dưới rất rộng.,,,,,,,
唾,tuò,tuo,4,thóa,nước bọt,,口|垂,唾|睡|锤|捶,than_the,3,唾液很多。,Nước bọt rất nhiều.,,,,,,,
液,yè,ye,4,dịch,"dịch, nước (cơ thể)",,氵|夜,液|夜|掖|腋,than_the,3,血液流动。,Máu lưu thông.,,,,,,,
髓,suǐ,sui,3,tủy,tủy,,骨|随,髓|随|髅|骸,than_the,3,骨髓很重要。,Tủy xương rất quan trọng.,,,,,,,
童,tóng,tong,2,đồng,trẻ con,,立|里,童|重|里|童,nguoi,1,儿童很可爱。,Trẻ con rất đáng yêu.,,,,,,,
伴,bàn,ban,4,bạn,bạn đồng hành,,亻|半,伴|畔|判|拌,nguoi,1,伙伴很好。,Bạn đồng hành rất tốt.,,,,,,,
勇,yǒng,yong,3,dũng,"dũng cảm, dũng sĩ",,,勇|甬|通|桶,nguoi,1,很勇敢。,Rất dũng cảm.,,,,,,,
仙,xiān,xian,1,tiên,"tiên, thần tiên",,亻|山,仙|优|仿|但,nguoi,1,神仙下凡。,Thần tiên hạ phàm.,,,,,,,
妖,yāo,yao,1,yêu,yêu quái,,女|夭,妖|妙|妆|姚,nguoi,1,妖怪很凶。,Yêu quái rất hung dữ.,,,,,,,
神,shén,shen,2,thần,"thần, thần thánh",,礻|申,神|礼|祖|视,nguoi,1,神仙很厉害。,Thần tiên rất lợi hại.,,,,,,,
翁,wēng,weng,1,ông,"ông già, cụ ông",,公|羽,翁|羽|翎|翊,nguoi,2,老翁很和蔼。,Cụ ông rất hiền từ.,,,,,,,
婆,pó,po,2,bà,"bà già, bà (họ chồng)",,波|女,婆|波|坡|破,nguoi,2,婆婆很严格。,Bà rất nghiêm khắc.,,,,,,,
徒,tú,tu,2,đồ,"đồ đệ, người theo",,,徒|徐|途|徙,nguoi,2,徒弟学艺。,Đồ đệ học nghề.,,,,,,,
匠,jiàng,jiang,4,tượng,"thợ, nghệ nhân",,,匠|近|匹|匡,nguoi,2,木匠做家具。,Thợ mộc làm đồ gỗ.,,,,,,,
魂,hún,hun,2,hồn,linh hồn,,云|鬼,魂|魄|鬼|魅,nguoi,2,灵魂不灭。,Linh hồn bất diệt.,,,,,,,
灵,líng,ling,2,linh,"linh hồn, linh thiêng",,,灵|需|雪|云,nguoi,2,精灵很神秘。,Tinh linh rất bí ẩn.,,,,,,,
侣,lǚ,lu,3,lữ,"bạn đồng hành, lứa đôi",,亻|吕,侣|侶|吕|品,nguoi,3,伴侣很重要。,Bạn đời rất quan trọng.,,,,,,,
奴,nú,nu,2,nô,"nô lệ, đầy tớ",,女|又,奴|如|好|奶,nguoi,3,奴隶很可怜。,Nô lệ rất đáng thương.,,,,,,,
隶,lì,li,4,lệ,"lệ thuộc, nô lệ",,,隶|逮|康|康,nguoi,3,奴隶制度。,Chế độ nô lệ.,,,,,,,
精,jīng,jing,1,tinh,"tinh linh, tinh túy",,米|青,精|清|睛|情,nguoi,3,妖精很美。,Yêu tinh rất đẹp.,,,,,,,
杰,jié,jie,2,kiệt,"anh kiệt, xuất sắc",,木|杰,杰|余|杂|条,nguoi,3,英雄豪杰。,Anh hùng hào kiệt.,,,,,,,
常,cháng,chang,2,thường,thường xuyên,,,常|党|堂|掌,thoigian,1,常常来。,Thường xuyên đến.,,,,,,,
代,dài,dai,4,đại,"thời đại, thế hệ",,亻|弋,代|伐|化|仪,thoigian,1,现代生活。,Cuộc sống hiện đại.,,,,,,,
古,gǔ,gu,3,cổ,cổ xưa,,,古|苦|舌|吉,thoigian,1,古代的人。,Người thời cổ đại.,,今,,,,,
即,jí,ji,2,tức,"lập tức, ngay",,,即|既|印|卯,thoigian,1,立即出发。,Xuất phát ngay lập tức.,,,,,,,
曾,céng,ceng,2,tằng,đã từng,,,曾|增|层|僧,thoigian,2,我曾经去过。,Tôi đã từng đi qua.,,,,,,,
经,jīng,jing,1,kinh,"đã trải qua, kinh qua",,纟|巠,经|轻|径|茎,thoigian,2,经过很久。,Trải qua rất lâu.,,,,,,,
偶,ǒu,ou,3,ngẫu,"ngẫu nhiên, thỉnh thoảng",,亻|禺,偶|藕|遇|寓,thoigian,2,偶尔见面。,Thỉnh thoảng gặp mặt.,,,,,,,
立,lì,li,4,lập,đứng; lập tức,,,立|站|童|亲,thoigian,3,立刻就来。,Lập tức đến ngay.,,,,,,,
逝,shì,shi,4,thệ,"trôi qua, qua đời",,,逝|誓|折|哲,thoigian,3,岁月流逝。,Năm tháng trôi qua.,,,,,,,
纪,jì,ji,4,kỷ,"thế kỷ, kỷ nguyên",,纟|己,纪|纯|纲|约,thoigian,3,二十一世纪。,Thế kỷ hai mốt.,,,,,,,
剪,jiǎn,jian,3,tiễn,cái kéo,,前|刀,剪|前|煎|箭,do_vat,1,一把剪刀。,Một cái kéo.,,,,,,,
钉,dīng,ding,1,đinh,cái đinh,,钅|丁,钉|钩|钓|钥,do_vat,1,一根钉子。,Một cây đinh.,,,,,,,
壶,hú,hu,2,hồ,"ấm, bình",,,壶|壸|壹|壸,do_vat,1,茶壶很烫。,Ấm trà rất nóng.,,,,,,,
匙,chí,chi,2,thi,cái thìa,,是|匕,匙|是|题|提,do_vat,1,一把汤匙。,Một cái thìa canh.,,,,,,,
剑,jiàn,jian,4,kiếm,kiếm,,,剑|检|捡|脸,do_vat,1,一把宝剑。,Một thanh bảo kiếm.,,,9,金,,,3
弓,gōng,gong,1,cung,cung (bắn tên),,,弓|引|张|弩,do_vat,1,一张弓。,Một cây cung.,,,3,,,,3
箭,jiàn,jian,4,tiễn,mũi tên,,⺮|前,箭|剪|煎|前,do_vat,1,一支箭。,Một mũi tên.,,,15,,,,3
锤,chuí,chui,2,chùy,cái búa,,钅|垂,锤|睡|锁|锦,do_vat,2,一把锤子。,Một cái búa.,,,,,,,
钳,qián,qian,2,kiềm,cái kìm,,钅|甘,钳|钢|钉|钩,do_vat,2,一把钳子。,Một cái kìm.,,,,,,,
垫,diàn,dian,4,điệm,"đệm, lót",,土|执,垫|热|势|埶,do_vat,2,坐垫很软。,Đệm ngồi rất mềm.,,,,,,,
帘,lián,lian,2,liêm,rèm cửa,,,帘|帐|帽|带,do_vat,2,窗帘拉上了。,Rèm cửa sổ đã kéo lại.,,,,,,,
罐,guàn,guan,4,quán,"lọ, hũ",,缶|雚,罐|灌|观|欢,do_vat,2,一个罐子。,Một cái lọ.,,,,,,,
篮,lán,lan,2,lam,"giỏ, rổ",,⺮|监,篮|蓝|篓|篇,do_vat,2,一个篮子。,Một cái giỏ.,,,,,,,
枪,qiāng,qiang,1,thương,"súng, giáo",,木|仓,枪|抢|沧|苍,do_vat,2,一把手枪。,Một khẩu súng ngắn.,,,,,,,
锯,jù,ju,4,cứ,cái cưa,,钅|居,锯|锅|锁|锤,do_vat,3,一把锯子。,Một cái cưa.,,,,,,,
钻,zuàn,zuan,4,toàn,"mũi khoan, kim cương",,钅|占,钻|站|战|战,do_vat,3,钻石很贵。,Kim cương rất đắt.,,,,,,,
筐,kuāng,kuang,1,khuông,cái sọt,,⺮|匡,筐|筒|筷|篮,do_vat,3,一个筐子。,Một cái sọt.,,,,,,,
链,liàn,lian,4,liên,dây xích,,钅|连,链|连|莲|恋,do_vat,3,一条链子。,Một sợi dây xích.,,,,,,,
炮,pào,pao,4,pháo,"súng đại bác, pháo",,火|包,炮|饱|泡|抱,do_vat,3,大炮很响。,Đại bác rất to.,,,,,,,
盾,dùn,dun,4,thuẫn,"lá chắn, khiên",,,盾|盒|盛|盗,do_vat,3,一面盾牌。,Một tấm khiên.,,,,,,,
野,yě,ye,3,dã,"hoang dã, đồng nội",,里|予,野|里|理|野,rung,1,田野很宽。,Cánh đồng rất rộng.,,,,,,,
荒,huāng,huang,1,hoang,"hoang vu, bỏ hoang",,艹|荒,荒|慌|谎|巟,rung,1,荒地很多。,Đất hoang rất nhiều.,,,,,,,
蕉,jiāo,jiao,1,tiêu,cây chuối,,艹|焦,蕉|椒|樵|礁,rung,1,香蕉很甜。,Chuối rất ngọt.,,,,,,,
柏,bǎi,bai,3,bách,cây bách,,木|白,柏|柚|柑|栢,rung,1,松柏常青。,Tùng bách luôn xanh.,,,,,,,
杉,shān,shan,1,sam,"cây sam, tùng",,木|彡,杉|松|柏|林,rung,1,一片杉林。,Một rừng cây sam.,,,,,,,
丛,cóng,cong,2,tùng,"bụi cây, đám",,,丛|从|众|坐,rung,2,一丛花。,Một bụi hoa.,,,,,,,
芦,lú,lu,2,lô,cây lau,,艹|户,芦|苇|荷|莲,rung,2,芦苇很高。,Cây lau rất cao.,,,,,,,
苇,wěi,wei,3,vi,"cây lau, sậy",,艹|韦,苇|芦|荷|莲,rung,2,芦苇丛生。,Lau sậy mọc um tùm.,,,,,,,
榕,róng,rong,2,dung,cây đa,,木|容,榕|松|柏|杉,rung,2,大榕树。,Cây đa lớn.,,,,,,,
坑,kēng,keng,1,khanh,"hố, hầm",,土|亢,坑|抗|炕|吭,rung,2,一个大坑。,Một cái hố lớn.,,,,,,,
巅,diān,dian,1,điên,đỉnh núi cao nhất,,山|颠,巅|颠|癫|巍,rung,3,山巅积雪。,Đỉnh núi đọng tuyết.,,,,,,,
麓,lù,lu,4,lộc,chân núi,,林|鹿,麓|鹿|禄|录,rung,3,山麓下的村庄。,Ngôi làng dưới chân núi.,,,,,,,
壕,háo,hao,2,hào,"hào, rãnh",,土|豪,壕|豪|嚎|濠,rung,3,战壕很深。,Chiến hào rất sâu.,,,,,,,
桦,huà,hua,4,hoa,cây bạch dương,,木|华,桦|花|华|化,rung,3,白桦林。,Rừng bạch dương.,,,,,,,
橡,xiàng,xiang,4,tượng,cây sồi,,木|象,橡|象|像|橡,rung,3,橡树很老。,Cây sồi rất già.,,,,,,,
转,zhuǎn,zhuan,3,chuyển,"xoay, quay",,车|专,转|传|转|转,dongtu,1,车轮转动。,Bánh xe xoay.,,,,,,,
浮,fú,fu,2,phù,nổi,,氵|孚,浮|孵|抟|俘,dongtu,1,木头浮在水上。,Khúc gỗ nổi trên mặt nước.,,沉,,,,,
沉,chén,chen,2,trầm,chìm,,氵|冘,沉|沈|枕|沁,dongtu,1,石头沉下去。,Hòn đá chìm xuống.,,浮,,,,,
种,zhòng,zhong,4,chủng,trồng,,禾|中,种|种|重|钟,dongtu,1,种花种草。,Trồng hoa trồng cỏ.,,,,木,,,
养,yǎng,yang,3,dưỡng,nuôi,,,养|美|羊|群,dongtu,1,养小动物。,Nuôi động vật nhỏ.,,,,,,,
挥,huī,hui,1,huy,"vẫy, vung",,扌|军,挥|军|挂|辉,dongtu,2,挥手告别。,Vẫy tay tạm biệt.,,,,,,,
摇,yáo,yao,2,dao,lắc,,扌|䍃,摇|遥|谣|窑,dongtu,2,摇头。,Lắc đầu.,,,,,,,
落,luò,luo,4,lạc,rơi xuống,,艹|洛,落|洛|络|骆,dongtu,2,树叶落下。,Lá cây rơi xuống.,,,,,,,
弯,wān,wan,1,loan,"cong, uốn",,,弯|湾|恋|变,dongtu,2,弯下腰。,Cúi lưng xuống.,,,,,,,
割,gē,ge,1,cát,"cắt, gặt",,害|刂,割|害|刻|副,dongtu,2,割草。,Cắt cỏ.,,,,,,,
翻,fān,fan,1,phiên,"lật, dịch",,番|羽,翻|番|藩|幡,dongtu,3,翻开书。,Lật quyển sách ra.,,,,,,,
滚,gǔn,gun,3,cổn,lăn,,氵|衮,滚|衮|哀|衰,dongtu,3,球滚走了。,Quả bóng lăn đi mất.,,,,,,,
碎,suì,sui,4,toái,vỡ vụn,,石|卒,碎|醉|粹|翠,dongtu,3,玻璃碎了。,Kính vỡ rồi.,,,,,,,
破,pò,po,4,phá,"vỡ, rách",,石|皮,破|坡|波|颇,dongtu,3,衣服破了。,Quần áo bị rách rồi.,,碎,,,,,
断,duàn,duan,4,đoạn,"gãy, đứt",,,断|继|绝|新,dongtu,3,绳子断了。,Sợi dây thừng đứt rồi.,,,,,,,
真,zhēn,zhen,1,chân,"thật, chân thật",,,真|直|具|真,tinh_tu,1,真的很好。,Thật sự rất tốt.,,假,,,,,
假,jiǎ,jia,3,giả,"giả, không thật",,亻|叚,假|暇|遐|霞,tinh_tu,1,这是假的。,Cái này là giả.,,真,,,,,
壮,zhuàng,zhuang,4,tráng,khỏe mạnh,,,壮|状|将|冲,tinh_tu,1,身体很壮。,Cơ thể rất khỏe mạnh.,,弱,,,,,
弱,ruò,ruo,4,nhược,yếu,,,弱|弘|张|引,tinh_tu,1,身体很弱。,Cơ thể rất yếu.,,壮,,,,,
善,shàn,shan,4,thiện,"lương thiện, tốt",,,善|羊|美|着,tinh_tu,1,心地善良。,Tấm lòng lương thiện.,,恶,,,,,
恶,è,e,4,ác,"độc ác, xấu xa",,,恶|亚|悉|忌,tinh_tu,1,很凶恶。,Rất hung ác.,,善,,,,,
疲,pí,pi,2,bì,mệt mỏi,,疒|皮,疲|病|痛|疼,tinh_tu,2,很疲劳。,Rất mệt mỏi.,,,,,,,
乏,fá,fa,2,phạp,"thiếu, mệt",,,乏|之|乞|乎,tinh_tu,2,疲乏无力。,Mệt mỏi không sức lực.,,,,,,,
实,shí,shi,2,thực,"thực tế, chân thật",,,实|安|字|宝,tinh_tu,2,很真实。,Rất chân thực.,,虚,,,,,
虚,xū,xu,1,hư,"trống rỗng, hư ảo",,,虚|虑|虎|虞,tinh_tu,2,很虚假。,Rất hư giả.,,实,,,,,
诚,chéng,cheng,2,thành,thành thật,,讠|成,诚|城|盛|诫,tinh_tu,2,很诚实。,Rất thành thật.,,,,,,,
陡,dǒu,dou,3,đẩu,dốc đứng,,阝|走,陡|徒|走|徙,tinh_tu,3,山路很陡。,Đường núi rất dốc.,,,,,,,
厌,yàn,yan,4,yếm,chán ghét,,,厌|庆|压|厉,tinh_tu,3,很讨厌。,Rất đáng ghét.,,喜,,,,,
倦,juàn,juan,4,quyện,"mệt mỏi, chán",,亻|卷,倦|卷|券|眷,tinh_tu,3,很疲倦。,Rất mệt mỏi.,,,,,,,
凶,xiōng,xiong,1,hung,hung dữ,,,凶|区|凸|凹,tinh_tu,3,眼神很凶。,Ánh mắt rất hung dữ.,,,,,,,
邪,xié,xie,2,tà,"tà ác, gian tà",,牙|阝,邪|牙|芽|邦,tinh_tu,3,邪恶的念头。,Ý nghĩ tà ác.,,,,,,,
和,hé,he,2,hòa,"hòa thuận, và",,禾|口,和|知|如|加,gia_dinh,1,家庭很和睦。,Gia đình rất hòa thuận.,,,,,,,
祖,zǔ,zu,3,tổ,"tổ tiên, ông bà",,礻|且,祖|祝|神|视,gia_dinh,1,祖先留下的。,Do tổ tiên để lại.,,,,,,,
先,xiān,xian,1,tiên,"trước, tổ tiên",,,先|光|洗|冼,gia_dinh,1,祖先的智慧。,Trí tuệ của tổ tiên.,,,,,,,
配,pèi,pei,4,phối,"kết hợp, phối ngẫu",,酉|己,配|酌|酒|醒,gia_dinh,2,婚配很重要。,Việc kết hôn rất quan trọng.,,,,,,,
抱,bào,bao,4,bão,ôm; ấp trứng,,扌|包,抱|饱|泡|袍,gia_dinh,2,妈妈抱着孩子。,Mẹ ôm đứa con.,,,,,,,
睦,mù,mu,4,mục,hòa thuận,,目|坴,睦|陆|穆|睡,gia_dinh,3,和睦相处。,Sống hòa thuận với nhau.,,,,,,,
裔,yì,yi,4,duệ,"con cháu, hậu duệ",,,裔|衣|袋|装,gia_dinh,3,龙的后裔。,Hậu duệ của rồng.,,,,,,,
歌,gē,ge,1,ca,bài hát,,哥|欠,歌|哥|欢|软,hoc,1,一首歌。,Một bài hát.,,,,,,,
科,kē,ke,1,khoa,"môn học, khoa",,禾|斗,科|料|斗|斜,hoc,1,数学科目。,Môn học toán.,,,,,,,
级,jí,ji,2,cấp,"cấp bậc, lớp",,纟|及,级|极|吸|汲,hoc,1,三年级。,Lớp ba.,,,,,,,
诗,shī,shi,1,thi,thơ,,讠|寺,诗|待|等|诚,hoc,2,一首诗。,Một bài thơ.,,,,,,,
毕,bì,bi,4,tất,"hoàn tất, tốt nghiệp",,,毕|华|比|平,hoc,2,毕业了。,Đã tốt nghiệp rồi.,,,,,,,
业,yè,ye,4,nghiệp,"sự nghiệp, nghề",,,业|亚|世|亚,hoc,2,作业很多。,Bài tập về nhà rất nhiều.,,,,,,,
证,zhèng,zheng,4,chứng,"chứng nhận, bằng chứng",,讠|正,证|政|征|症,hoc,3,毕业证书。,Bằng tốt nghiệp.,,,,,,,
凭,píng,ping,2,bằng,"bằng chứng, dựa vào",,,凭|冯|评|苹,hoc,3,凭证很重要。,Bằng chứng rất quan trọng.,,,,,,,
城,chéng,cheng,2,thành,"thành phố, thành trì",,土|成,城|诚|盛|城,phuong,1,这座城市。,Thành phố này.,,,,土,,,
市,shì,shi,4,thị,"chợ, thành phố",,,市|布|市|柿,phuong,1,城市很大。,Thành phố rất lớn.,,,,,,,
乡,xiāng,xiang,1,hương,"làng quê, thôn dã",,,乡|多|久|夕,phuong,1,家乡在南方。,Quê nhà ở miền nam.,,,,,,,
郊,jiāo,jiao,1,giao,ngoại ô,,交|阝,郊|校|较|郎,phuong,2,住在郊区。,Sống ở ngoại ô.,,,,,,,
圈,quān,quan,1,khuyên,"vòng tròn, phạm vi",,囗|卷,圈|圆|圆|图,phuong,2,画一个圈。,Vẽ một vòng tròn.,,,,,,,
畔,pàn,pan,4,bạn,"bờ, ven",,田|半,畔|伴|叛|判,phuong,3,湖畔的房子。,Ngôi nhà bên bờ hồ.,,,,,,,
邦,bāng,bang,1,bang,"đất nước, xứ",,,邦|邻|那|邮,phuong,3,邻邦友好。,Nước láng giềng thân thiện.,,,,,,,
肢,zhī,zhi,1,chi,"tay chân, chi thể",,月|支,肢|技|枝|吱,than_the,1,四肢很有力。,Tứ chi rất khỏe.,,,,,,,
肌,jī,ji,1,cơ,cơ bắp,,月|几,肌|肚|肠|肥,than_the,1,肌肉很结实。,Cơ bắp rất chắc.,,,,,,,
躯,qū,qu,1,khu,"thân thể, thân xác",,身|区,躯|驱|呕|欧,than_the,1,身躯高大。,Thân hình cao lớn.,,,,,,,
疤,bā,ba,1,ba,sẹo,,疒|巴,疤|病|疼|症,than_the,2,一道疤痕。,Một vết sẹo.,,,,,,,
纹,wén,wen,2,văn,"vân, đường vân",,纟|文,纹|文|吝|蚊,than_the,2,指纹很特别。,Vân tay rất đặc biệt.,,,,,,,
痕,hén,hen,2,ngân,"vết, dấu",,疒|艮,痕|恨|很|狠,than_the,3,疤痕很深。,Vết sẹo rất sâu.,,,,,,,
皱,zhòu,zhou,4,trứu,"nhăn, nếp nhăn",,皮|刍,皱|皮|波|坡,than_the,3,皱纹很多。,Có rất nhiều nếp nhăn.,,,,,,,
绯,fēi,fei,1,phi,"đỏ tươi, hồng",,纟|非,绯|排|悲|辈,mau,2,绯红的脸。,Khuôn mặt đỏ ửng.,,,,,,,
黛,dài,dai,4,đại,xanh đen (màu chân mày),,代|黑,黛|代|袋|贷,mau,3,青黛色。,Màu xanh đen thẫm.,,,,,,,
接,jiē,jie,1,tiếp,"tiếp theo, liên tiếp",,扌|妾,接|结|洁|结,thoigian,1,接下来。,Tiếp theo đây.,,,,,,,
连,lián,lian,2,liên,"liên tục, nối liền",,,连|运|还|远,thoigian,1,连续三天。,Liên tục ba ngày.,,,,,,,
巧,qiǎo,qiao,3,xảo,"khéo léo, tình cờ",,工|丂,巧|考|号|亏,thoigian,2,恰巧遇见。,Tình cờ gặp được.,,,5,,,,3
恰,qià,qia,4,kháp,"vừa vặn, đúng lúc",,忄|合,恰|合|哈|抬,thoigian,3,恰好赶上。,Vừa kịp lúc.,,,,,,,
另,lìng,ling,4,lánh,"khác, riêng",,口|力,另|叧|加|另,so,1,另外一个。,Một cái khác.,,,,,,,
凡,fán,fan,2,phàm,"phàm là, tất cả",,,凡|几|风|同,so,1,凡是学生。,Phàm là học sinh.,,,,,,,
皆,jiē,jie,1,giai,"đều, tất cả",,比|白,皆|比|谐|阶,so,2,人人皆知。,Ai ai cũng biết.,,,,,,,
均,jūn,jun,1,quân,"đều, bình quân",,土|勻,均|钧|匀|旬,so,2,平均分配。,Chia đều nhau.,,,,,,,
概,gài,gai,4,khái,"đại khái, khái quát",,木|既,概|慨|溉|既,so,3,大概十个。,Khoảng chừng mười cái.,,,,,,,
梳,shū,shu,1,sơ,cái lược,,木|疏,梳|疏|流|梦,do_vat,1,一把梳子。,Một cái lược.,,,,,,,
刷,shuā,shua,1,loát,"bàn chải, quét",,尸|巾,刷|刻|刺|刮,do_vat,1,一把刷子。,Một cái bàn chải.,,,,,,,
蜡,là,la,4,lạp,"nến, sáp",,虫|昔,蜡|措|错|惜,do_vat,2,一支蜡烛。,Một cây nến.,,,,,,,
烛,zhú,zhu,2,chúc,"nến, đuốc",,火|烛,烛|独|烧|烟,do_vat,2,烛光很暗。,Ánh nến rất mờ.,,,,,,,
炬,jù,ju,4,cự,đuốc,,火|巨,炬|巨|拒|矩,do_vat,3,火炬照亮。,Ngọn đuốc chiếu sáng.,,,,,,,
陵,líng,ling,2,lăng,"gò, lăng mộ",,,陵|凌|棱|夌,rung,2,山陵起伏。,Đồi núi nhấp nhô.,,,,,,,
碑,bēi,bei,1,bi,bia đá,,石|卑,碑|牌|脾|啤,rung,2,一块石碑。,Một tấm bia đá.,,,,,,,
墓,mù,mu,4,mộ,"mộ, mồ",,土|莫,墓|暮|幕|慕,rung,3,古墓很旧。,Ngôi mộ cổ rất cũ.,,,,,,,
坟,fén,fen,2,phần,"mộ, mồ",,土|文,坟|坊|坎|坑,rung,3,坟墓在山上。,Mộ phần ở trên núi.,,,,,,,
鬼,guǐ,gui,3,quỷ,ma quỷ,,,鬼|魂|魄|魅,nguoi,1,鬼故事很吓人。,Chuyện ma rất đáng sợ.,,,,,,,
豺,chái,chai,2,sài,chó sói rừng,,豸|才,豺|狼|狮|狐,thu,2,豺狼很凶。,Sói rừng rất hung dữ.,,,,,,,
攻,gōng,gong,1,công,tấn công,,工|攵,攻|改|收|放,dongtu,1,攻打城池。,Tấn công thành trì.,,防,,,,,
防,fáng,fang,2,phòng,"phòng thủ, đề phòng",,阝|方,防|房|访|放,dongtu,1,防守很强。,Phòng thủ rất mạnh.,,攻,,,,,
守,shǒu,shou,3,thủ,"canh giữ, tuân thủ",,宀|寸,守|字|安|它,dongtu,1,守卫城门。,Canh giữ cổng thành.,,,,,,,
击,jī,ji,1,kích,"đánh, kích",,,击|由|电|甲,dongtu,2,攻击敌人。,Tấn công kẻ địch.,,,,,,,
获,huò,huo,4,hoạch,"đạt được, thu hoạch",,艹|犬,获|狂|状|状,dongtu,2,收获很多。,Thu hoạch được rất nhiều.,,,,,,,
倒,dào,dao,4,đảo,"đổ, ngã; ngược lại",,亻|到,倒|到|列|例,dongtu,2,倒下了。,Đã ngã xuống.,,,,,,,
弃,qì,qi,4,khí,"vứt bỏ, từ bỏ",,,弃|异|弄|弈,dongtu,3,放弃了。,Đã từ bỏ rồi.,,,,,,,
御,yù,yu,4,ngự,"chống đỡ, ngự",,,御|卸|迎|卿,dongtu,3,防御攻击。,Phòng ngự sự tấn công.,,,,,,,
强,qiáng,qiang,2,cường,"mạnh, cường",,弓|虽,强|弘|张|弱,tinh_tu,1,力量很强。,Sức mạnh rất lớn.,,弱,,,,,
巨,jù,ju,4,cự,"to lớn, khổng lớn",,,巨|臣|巧|匠,tinh_tu,1,巨大的怪物。,Con quái vật khổng lồ.,,微,,,,,
猛,měng,meng,3,mãnh,"mãnh liệt, hung mãnh",,犭|孟,猛|狂|猜|猎,tinh_tu,2,猛烈攻击。,Tấn công mãnh liệt.,,,,,,,
微,wēi,wei,1,vi,"nhỏ bé, vi tế",,,微|徽|征|徵,tinh_tu,2,微小的声音。,Âm thanh nhỏ bé.,,巨,,,,,
烈,liè,lie,4,liệt,"mãnh liệt, dữ dội",,,烈|列|裂|冽,tinh_tu,3,猛烈的火。,Ngọn lửa dữ dội.,,,,,,,
馅,xiàn,xian,4,hãm,nhân (bánh),,饣|臽,馅|陷|焰|谄,an,2,肉馅包子。,Bánh bao nhân thịt.,,,,,,,
卤,lǔ,lu,3,lỗ,"nước sốt kho, ướp",,,卤|齿|直|鱼,an,3,卤肉很香。,Thịt kho rất thơm.,,,,,,,
凑,còu,cou,4,thấu,"góp lại, tụ họp",,氵|奏,凑|奏|春|奉,so,3,凑钱买东西。,Góp tiền mua đồ.,,,,,,,
旋,xuán,xuan,2,toàn,xoay vòng,,,旋|族|旗|施,phuong,3,旋转一圈。,Xoay một vòng.,,,,,,,
炎,yán,yan,2,viêm,nóng rực,viêm|bốc lửa,火|火,焱|谈|淡,thien_nhien,3,炎热的夏天。,Mùa hè nóng rực.,,,8,火,火,2,3
焱,yàn,yan,4,diễm,lửa ngùn ngụt,ngọn lửa lớn,火|火|火,,thien_nhien,3,焱是三个火。,Diễm là ba chữ hoả.,,,12,火,火,3,5
昌,chāng,chang,1,xương,hưng thịnh,sáng sủa|phồn vinh,日|日,晶|唱,thien_nhien,3,生意昌盛。,Buôn bán hưng thịnh.,,,8,火,日,2,3
晶,jīng,jing,1,tinh,tinh thể,trong suốt|lấp lánh,日|日|日,昌,thien_nhien,3,水晶很亮。,Pha lê rất sáng.,,,12,火,日,3,4
圭,guī,gui,1,khuê,ngọc khuê,thẻ ngọc lễ khí,土|土,垚|佳|街,do_vat,3,圭是玉器。,Khuê là đồ ngọc.,,,6,土,土,2,3
垚,yáo,yao,2,nghiêu,núi đất cao,đất chồng chất,土|土|土,尧,thien_nhien,3,垚是三个土。,Nghiêu là ba chữ thổ.,,,9,土,土,3,4
淼,miảo,miao,3,miểu,mênh mông,nước rộng lớn,水|水|水,渺,thien_nhien,3,水淼淼。,Nước mênh mông.,,,12,水,水,3,4
鑫,xīn,xin,1,hâm,thịnh vượng,nhiều vàng|phát đạt,金|金|金,,thien_nhien,3,鑫是三个金。,Hâm là ba chữ kim.,,,24,金,金,3,4
吕,lǚ,lv,3,lữ,luật lữ,âm luật|họ Lữ,口|口,品|宫,hoc,3,吕是音律。,Lữ là âm luật.,,,6,,口,2,4
品,pǐn,pin,3,phẩm,phẩm chất,hàng hoá|nếm,口|口|口,吕,hoc,2,这个品质很好。,Phẩm chất cái này rất tốt.,,,9,,口,3,3
韧,rèn,ren,4,nhận,dẻo dai,bền bỉ|dai sức,韦,刃|认,tinh_tu,3,他很坚韧。,Anh ấy rất bền bỉ.,,,12,,,,3
智,zhì,zhi,4,trí,trí tuệ,khôn ngoan|mưu trí,知|日,知,tinh_tu,2,他很有智慧。,Anh ấy rất có trí tuệ.,,,12,,,,3
乙,yǐ,yi,3,ất,can thứ hai,bậc hai,乙,甲|丙,so,3,甲乙丙丁。,Giáp ất bính đinh.,,,1,,,,4
丙,bǐng,bing,3,bính,can thứ ba,bậc ba,一,甲|乙,so,3,丙等。,Hạng bính.,,,5,,,,4
丁,dīng,ding,1,đinh,can thứ tư,bậc bốn|đinh ốc,一,甲|乙|丙,so,3,人丁兴旺。,Nhân đinh hưng vượng.,,,2,,,,4
戊,wù,wu,4,mậu,can thứ năm,bậc năm,戈,戌|成,so,3,戊是第五。,Mậu là thứ năm.,,,5,,,,4
斧,fǔ,fu,3,phủ,cái rìu,búa|rìu chặt,斤|父,斤|釜,do_vat,2,用斧头砍树。,Dùng rìu chặt cây.,,,8,金,,,3
盔,kuī,kui,1,khôi,mũ giáp,mũ sắt|nón bảo hộ,皿,甲|铠,do_vat,2,戴上头盔。,Đội mũ giáp lên.,,,11,,,,3
是,shì,shi,4,thị,là,đúng|phải,日|下|一,,hoc,1,他是人。,Anh ấy là người.,,,9,,,,
不,bù,bu,4,bất,không,chẳng|đừng,一|丿,,hoc,1,我不走。,Tôi không đi.,,,4,,,,
有,yǒu,you,3,hữu,có,tồn tại,月|大,,hoc,1,这里有水。,Ở đây có nước.,,,6,,,,
无,wú,wu,2,vô,không có,trống rỗng|hư vô,一|尢,,hoc,3,无名之地。,Vùng đất không tên.,,,4,,,,
这,zhè,zhe,4,giá,này,cái này,辶|文,,hoc,1,这是我的。,Cái này của tôi.,,,7,,,,
那,nà,na,4,na,kia,cái kia,阝|刀,,hoc,1,那是门。,Kia là cửa.,,,6,,,,
们,men,men,0,môn,(số nhiều),chúng|các,亻|门,,nguoi,1,他们走了。,Họ đi rồi.,,,5,,,,
回,huí,hui,2,hồi,về,quay lại|trở về,囗|口,,dongtu,1,我回城。,Tôi về thành.,,,6,,,,
失,shī,shi,1,thất,mất,đánh mất|thất lạc,丿|大,,dongtu,2,他失了名字。,Anh ấy mất tên.,,,5,,,,
地,dì,di,4,địa,đất,mặt đất|nơi,土|也,,thien_nhien,1,地上有石。,Trên đất có đá.,,,6,土,,,
村,cūn,cun,1,thôn,làng,xóm|thôn,木|寸,,nguoi,2,村里没人。,Trong làng không ai.,,,7,木,,,
死,sǐ,si,3,tử,chết,tử vong,歹|匕,,than_the,2,他死了。,Anh ấy chết rồi.,,,6,,,,
毒,dú,du,2,độc,độc,chất độc|nọc,主|母,,thu,2,毒水很暗。,Nước độc rất tối.,,,9,,,,
么,me,me,0,ma,(trợ từ hỏi),gì|sao,丿|厶,,hoc,1,什么名字？,Tên gì?,,,3,,,,
了,le,le,0,liễu,(đã rồi),xong|rồi,乙|亅,,hoc,1,他走了。,Anh ấy đi rồi.,,,2,,,,
什,shén,shen,2,thập,gì,cái gì,亻|十,,hoc,1,什么字？,Chữ gì?,,,4,,,,
吗,ma,ma,0,ma,(trợ từ hỏi),không?,口|马,,hoc,1,你有名字吗？,Anh có tên không?,,,6,,,,
在,zài,zai,4,tại,ở,đang|tại,一|土,,hoc,1,字在书上。,Chữ ở trên sách.,,,6,,,,
它,tā,ta,1,tha,nó,(vật),宀|匕,,hoc,1,它没有名字。,Nó không có tên.,,,5,,,,
就,jiù,jiu,4,tựu,thì,liền|ngay,京|尤,,hoc,2,你来，我就走。,Anh đến thì tôi đi.,,,12,,,,
座,zuò,zuo,4,toạ,(lượng từ toà),toà|chỗ ngồi,广|土,,do_vat,2,一座城。,Một toà thành.,,,10,土,,,
得,dé,de,2,đắc,được,đạt|phải,彳|日,,dongtu,2,我得走了。,Tôi phải đi rồi.,,,11,,,,
活,huó,huo,2,hoạt,sống,sinh động,氵|舌,,than_the,2,字活得久。,Chữ sống lâu.,,,9,水,,,
的,de,de,0,đích,(sở hữu),của,白|勺,,hoc,1,我的书。,Sách của tôi.,,,8,,,,
者,zhě,zhe,3,giả,người (làm gì),kẻ|giả,土|日,,nguoi,2,刻冰者。,Người khắc băng.,,,8,,,,
要,yào,yao,4,yếu,muốn,cần|sẽ,西|女,,dongtu,1,我要回城。,Tôi muốn về thành.,,,9,,,,
都,dōu,dou,1,đô,đều,tất cả,者|阝,,hoc,1,字都失了。,Chữ đều mất rồi.,,,10,,,,
影,yǐng,ying,3,ảnh,bóng,hình bóng|ảnh,日|京,,thien_nhien,2,门影。,Bóng bên cửa.,,,15,,,,
犬,quǎn,quan,3,khuyển,chó,chó săn,大|丶,,thu,2,雪狼是犬。,Sói tuyết là loài chó.,,,4,,,,
